/Users/choejeonghwan/Library/Python/3.9/lib/python/site-packages/urllib3/__init__.py:35: NotOpenSSLWarning: urllib3 v2 only supports OpenSSL 1.1.1+, currently the 'ssl' module is compiled with 'LibreSSL 2.8.3'. See: https://github.com/urllib3/urllib3/issues/3020
  warnings.warn(
[nltk_data] Downloading package punkt to
[nltk_data]     /Users/choejeonghwan/nltk_data...
[nltk_data]   Package punkt is already up-to-date!
🔥 뉴스 속마음 번역기 수집기 가동 중...
🚀 작업 시작: 2026-01-11 01:52:38.084733

📰 [정치] 카테고리 수집 시작...
✅ 필터링 완료: 50개 -> 13개 신규 기사
✅ 저장 완료 [정치]: 트럼프 “베네수 정치범 석방 중…매우 현명, 2차 공격
✅ 저장 완료 [정치]: 한동훈, ‘당게 조사’ 이호선 당무위원장 고소…“정치공
✅ 저장 완료 [정치]: 트럼프 "베네수엘라 두번째 공격 취소…정치범 석방 현명
✅ 저장 완료 [정치]: 장동혁, 與 '새만금 반도체 이전론'에 "지선 표 얻겠
✅ 저장 완료 [정치]: '정치개혁 실험지' 대구 수성구의 처참한 결과... 운
✅ 저장 완료 [정치]: 韓 통일교 수사, 日 정치인에 불똥…"30여년전 탈퇴"
✅ 저장 완료 [정치]: [박정훈 칼럼] 국민 생명에 ‘가격표’ 매기는 비정한 
✅ 저장 완료 [정치]: "기사 댓글 단 사람 '국적' 표시하자" 국민 64%가
✅ 저장 완료 [정치]: 한동훈, 이호선 당무감사위원장 고소…"당무감사, 명백한
✅ 저장 완료 [정치]: 국민의힘 ‘당명 개정’ 착수…전 당원에 찬반 묻는다[이
✅ 저장 완료 [정치]: '서부지법 사태 배후 지목' 전광훈, 구속 갈림길…"정
✅ 저장 완료 [정치]: 서울시, 與-전장연 간담회에 “선거앞 갈라치기 정치 중
✅ 저장 완료 [정치]: 홍준표 “내가 사람을 잘못 보았다”…정치권 “배현진 겨
✅ [정치] 완료: 13개 처리

📰 [경제] 카테고리 수집 시작...
✅ 필터링 완료: 50개 -> 33개 신규 기사
✅ 저장 완료 [경제]: "'경제 대도약 원년' 올해 성장 2% 넘기겠다"…국부
✅ 저장 완료 [경제]: 유엔, 올해 세계경제 성장률 2.7% 전망…한국은 1.
✅ 저장 완료 [경제]: [2026 성장전략] 정부 "올해 경제성장률 2.0%"
✅ 저장 완료 [경제]: 이재명 대통령, '올해 경제성장률 2% 목표…경제성장전
✅ 저장 완료 [경제]: "美·우크라, 1천200조원 규모 '전후 경제재건' 합
✅ 저장 완료 [경제]: 李, 오늘 '경제성장전략 국민보고회'…올해 주요 경제정
✅ 저장 완료 [경제]: 한국 경제, 대도약 출발선 섰다…올해 2%대 성장 회복
✅ 저장 완료 [경제]: 日총리 "경제 포함 국제정세 엄중…한일협력 어느 때보다
✅ 저장 완료 [경제]: [그래픽] 유엔 세계·한국 경제성장률 전망
✅ 저장 완료 [경제]: “경제대도약 원년, 성장률 2.0% 넘긴다”… 정부, 
✅ [경제] 완료: 10개 처리

📰 [사회] 카테고리 수집 시작...
✅ 필터링 완료: 50개 -> 39개 신규 기사
✅ 저장 완료 [사회]: 대만도 초고령 사회 진입…출생아 수는 역대 최저치
✅ 저장 완료 [사회]: 재외국민 4명 중 1명은 노인…한국사회보다 고령화 속도
✅ 저장 완료 [사회]: 2030년 진료비만 191조…초고령사회 진입에 재정 '
✅ 저장 완료 [사회]: 'ESG' 내건 경기도사회적경제원, 새 원장 체제에서 
✅ 저장 완료 [사회]: 대만도 늙어간다…日·韓 이어 ‘초고령 사회’로 진입
✅ 저장 완료 [사회]: 타이완도 '초고령 사회' 진입...2년 연속 인구 감소
✅ 저장 완료 [사회]: 대만, 출생아 수 역대 최저치 기록해 '초고령 사회' 
✅ 저장 완료 [사회]: [이주민 300만시대] ①'단일민족'은 옛말…다양성 짙
✅ 저장 완료 [사회]: [이주민 300만시대] ③ 차별과 혐오 넘어 통합사회로
✅ 저장 완료 [사회]: 시민사회 "광주·전남 통합, 시도민 의견 수렴·숙의 거
✅ [사회] 완료: 10개 처리

📰 [국제] 카테고리 수집 시작...
✅ 필터링 완료: 50개 -> 26개 신규 기사
✅ 저장 완료 [국제]: 티웨이 국제선 비행중 보조배터리 연기…승무원 3명 병원
✅ 저장 완료 [국제]: 서정욱 "특검, 尹에 사형 구형 못할 것...국제여론 
✅ 저장 완료 [국제]: 日총리 "국제정세 엄중…한일 우호·협력 강화해야"
✅ 저장 완료 [국제]: [MSCI 로드맵] 내년 선진지수 노린다…코리아디스카운
✅ 저장 완료 [국제]: 국제기구 66개 무더기 탈퇴…트럼프 노림수는?
✅ [국제] 완료: 5개 처리

📰 [스포츠] 카테고리 수집 시작...
✅ 필터링 완료: 50개 -> 31개 신규 기사
✅ 저장 완료 [스포츠]: [주말&amp;호텔·리조트] 농장체험부터 스포츠활동까지
✅ 저장 완료 [스포츠]: 코오롱스포츠, 명동에 매장…"외국인 고객과 접점 확대"
✅ 저장 완료 [스포츠]: 코오롱스포츠, 명동에 글로벌 플래그십 스토어 오픈
✅ 저장 완료 [스포츠]: 2026 LOL e스포츠 "이렇게 변화한다"
✅ 저장 완료 [스포츠]: 코오롱스포츠, 명동에 신규 매장 열었다
✅ [스포츠] 완료: 5개 처리

📰 [IT과학] 카테고리 수집 시작...
✅ 필터링 완료: 50개 -> 39개 신규 기사
✅ 저장 완료 [IT과학]: 공공서비스에 IT 결합한 韓 스타트업, CES에서 2년
✅ 저장 완료 [IT과학]: "뷰티는 과학"…CES 간 K-뷰티, AI 입다
✅ 저장 완료 [IT과학]: 대전시, 세계 최대 IT·가전 전시회 'CES 2026
✅ 저장 완료 [IT과학]: 1월 대한민국 과학기술인상에 정명수 파네시아 대표
✅ 저장 완료 [IT과학]: "스마트시티 안전AI부터 로봇까지"…한국과학기술연 CE
✅ [IT과학] 완료: 5개 처리

📰 [연예] 카테고리 수집 시작...
✅ 필터링 완료: 50개 -> 41개 신규 기사
✅ 저장 완료 [연예]: 연예대상서 레고 꽃다발, 화원 단체 “상처 받았다”
✅ 저장 완료 [연예]: "장난감 꽃에 상처"…연예대상 '레고 꽃다발' 비난, 
✅ 저장 완료 [연예]: "농구 참 재밌다" 열혈농구단, 필리핀 최강 연예인 농
✅ 저장 완료 [연예]: 연예대상 레고 꽃다발에…화원업계 "또 다른 상처" 무슨
✅ 저장 완료 [연예]: '선풍기 아줌마' 맞아? 故한혜경, 성형 전 연예인급 
✅ [연예] 완료: 5개 처리

🎉 전체 작업 완료: 총 53개 기사 저장
🚀 작업 시작: 2026-01-11 02:29:32.157081

📰 [정치] 카테고리 수집 시작...
✅ 필터링 완료: 50개 -> 4개 신규 기사
✅ 저장 완료 [정치]: "정치가 나쁘지 관치가 왜 나쁘냐"…정건용 전 산은 총
✅ 저장 완료 [정치]: 한동훈, 당무감사위원장 고소..“명백한 정치공작”
✅ 저장 완료 [정치]: "명백한 정치공작"…한동훈, '당게 조사' 국힘 당무위
✅ 저장 완료 [정치]: 트럼프 "베네수엘라 두번째 공격 취소…정치범 석방 등 
✅ [정치] 완료: 4개 처리

📰 [경제] 카테고리 수집 시작...
✅ 필터링 완료: 50개 -> 17개 신규 기사
✅ 저장 완료 [경제]: 유엔, 올해 세계경제 성장률 2.7%로 둔화 전망…한국
✅ 저장 완료 [경제]: K-국부펀드, 20조 '국부 엔진' 시동…국유재산·국채
✅ 저장 완료 [경제]: 李대통령 "경제성장 과실, 모두가 함께 나눠야…올해 2
✅ 저장 완료 [경제]: 경제계 “경제성장전략, 경제활력 제고 기대…과감한 지원
✅ 저장 완료 [경제]: 국민성장·청년형 ISA 2종 신설…국장 장기투자에 ‘역
✅ 저장 완료 [경제]: '인간 대체' 아닌 '인간과 함께'…실용성 높인다[아틀
✅ 저장 완료 [경제]: 李대통령 "올해 경제성장 잠재성장률 상회 2%정도"
✅ 저장 완료 [경제]: '경제대도약 원년' 올해 성장 2% 넘기겠다…국부펀드 
✅ 저장 완료 [경제]: [2026 경제성장전략] 올해 성장 2% 제시…“내수 
✅ 저장 완료 [경제]: 소비자원 "식세기 세제, 세척성능 '프로쉬', 경제성 
✅ [경제] 완료: 10개 처리

📰 [사회] 카테고리 수집 시작...
✅ 필터링 완료: 50개 -> 23개 신규 기사
✅ 저장 완료 [사회]: 대만도 결국 초고령 사회…출생아 수 역대 최저치
✅ 저장 완료 [사회]: 대만 총통, 中 선거개입 우려…"국가·사회 안보 위협"
✅ 저장 완료 [사회]: 靑 "李대통령 방중, 국제사회에 국익 중심의 실용 외교
✅ 저장 완료 [사회]: 이 대통령 방일 의제로 오른 장생탄광... 유족·시민사
✅ 저장 완료 [사회]: 정치권·시민사회 등 일제히 성토..."MBK 김병주·김
✅ 저장 완료 [사회]: 김포시, 기업체 92% 증가… 사회조사결과 전 분야 상
✅ 저장 완료 [사회]: 2030년 건보 진료비 191조 '빨간불'… 초고령사회
✅ 저장 완료 [사회]: 태안군 영세소상공인 사회보험료 지원 접수…23일까지
✅ 저장 완료 [사회]: 이란 시위, 국제 사회의 지지 속에 확산
✅ 저장 완료 [사회]: 서울시립대 동아리, 우수 사회기여활동으로 서울시장 표창
✅ [사회] 완료: 10개 처리

📰 [국제] 카테고리 수집 시작...
✅ 필터링 완료: 50개 -> 20개 신규 기사
✅ 저장 완료 [국제]: 티웨이 국제선 비행 중 보조배터리 연기…승무원 3명 병
✅ 저장 완료 [국제]: 트럼프, 66개 국제기구 돈지원 끊는다…美 우선주의 가
✅ 저장 완료 [국제]: 트럼프 “내겐 국제법 필요없다…내 도덕성만이 나를 멈출
✅ 저장 완료 [국제]: 아시아 최대 현대음악제 ‘통영국제음악제’ 업그레이드
✅ 저장 완료 [국제]: 트럼프, '유엔 산하기관 등 66개 국제기구서 탈퇴' 
✅ [국제] 완료: 5개 처리

📰 [스포츠] 카테고리 수집 시작...
✅ 필터링 완료: 50개 -> 26개 신규 기사
✅ 저장 완료 [스포츠]: 달라진 'LoL' 이스포츠, 올해 '첫 번째 선택권' 
✅ 저장 완료 [스포츠]: 2024년 스포츠산업 매출 84조7000억원…역대 최대
✅ 저장 완료 [스포츠]: CES 찾은 박형준 시장…기술 협력·미래 스포츠 인프라
✅ 저장 완료 [스포츠]: 지애드스포츠, 프로골퍼 방신실·리슈잉·송지아 영입
✅ 저장 완료 [스포츠]: '테니스 1·2위' 알카라스·신네르 "테니스가 어떤 스
✅ [스포츠] 완료: 5개 처리

📰 [IT과학] 카테고리 수집 시작...
✅ 필터링 완료: 50개 -> 33개 신규 기사
✅ 저장 완료 [IT과학]: 1월 '대한민국 과학기술인상'에 정명수 파네시아 대표,
✅ 저장 완료 [IT과학]: 충북교육청 청주IT과학고, 첫 디자인 졸업작품전 성황리
✅ 저장 완료 [IT과학]: 정명수 파네시아 대표, 대한민국 과학기술인상 1월 수상
✅ 저장 완료 [IT과학]: 中서 돌아온 반도체 석학 “중국은 과학자 영웅 대접…인
✅ 저장 완료 [IT과학]: 생명과학에 AI를…프로틴테크, AWS로 이전해 ‘AI 
✅ [IT과학] 완료: 5개 처리

📰 [연예] 카테고리 수집 시작...
✅ 필터링 완료: 50개 -> 35개 신규 기사
✅ 저장 완료 [연예]: 선풍기 아줌마, 불법성형 전 연예인급 미모 공개 "원래
✅ 저장 완료 [연예]: 연예인 자택·회사 사옥까지…폭발물 협박 1년간 177건
✅ 저장 완료 [연예]: MBC 연예대상 '레고 꽃다발' 후폭풍... "생화 농
✅ 저장 완료 [연예]: 'KBS 연예대상 최우수상' 박서진, 상의 탈의 후 욕
✅ 저장 완료 [연예]: "연예인들은 살 뺐다는데 왜 나는"…간헐적 단식의 함정
✅ [연예] 완료: 5개 처리

🎉 전체 작업 완료: 총 44개 기사 저장
🚀 작업 시작: 2026-01-11 02:59:32.135551

📰 [정치] 카테고리 수집 시작...
✅ 필터링 완료: 50개 -> 2개 신규 기사
✅ 저장 완료 [정치]: 한동훈, ‘당게조사’ 국힘 당무위원장 고소…“명백한 정
✅ 저장 완료 [정치]: 트럼프 "베네수엘라 두번째 공격 취소…정치범 석방 등 
✅ [정치] 완료: 2개 처리

📰 [경제] 카테고리 수집 시작...
✅ 필터링 완료: 50개 -> 9개 신규 기사
✅ 저장 완료 [경제]: UN, 올해 세계경제 성장률 2.7% 전망…한국 1.8
✅ 저장 완료 [경제]: 구윤철 경제부총리 “환율, 韓 펀더멘털과 괴리”
✅ 저장 완료 [경제]: 경제계 "정부의 경제성장전략, 우리 경제에 활력 될 것
✅ 저장 완료 [경제]: 비용·시간 확 줄이고, 학습·활용범위 더 넓혔다[아틀라
✅ 저장 완료 [경제]: 유예 연장일까 폐지일까…'양도세 중과' 운명 아직 안갯
✅ 저장 완료 [경제]: 李, ‘2026년 경제성장전략 보고회’ 주재…잠재성장률
✅ 저장 완료 [경제]: 李, 日나라현 오는 13일부터 1박2일 방문…靑 "지방
✅ 저장 완료 [경제]: 李대통령, 첫 경제 메시지로 "2% 성장"…국정 성과 
✅ 저장 완료 [경제]: 경제계 "경제성장전략, 재도약 불씨되길…과감한 지원 필
✅ [경제] 완료: 9개 처리

📰 [사회] 카테고리 수집 시작...
✅ 필터링 완료: 50개 -> 17개 신규 기사
✅ 저장 완료 [사회]: 대만도 초고령 사회 진입…지난해 출생아 수는 역대 최저
✅ 저장 완료 [사회]: 김포시, 기업체 92% 증가…사회조사결과 전 분야 상승
✅ 저장 완료 [사회]: 재외국민 1/4이 노인… 초고령사회진입 속도 내국인보다
✅ 저장 완료 [사회]: 시민사회, 美 베네수엘라 공격 규탄…광화문서 미 대사관
✅ 저장 완료 [사회]: "사회 전반에 미치는 해악"…20대 BJ 결국 '징역 
✅ 저장 완료 [사회]: 강원랜드사회공헌재단, 석탄산업전환지역 창업 지원 맞손
✅ 저장 완료 [사회]: 신영대 의원직 상실…보선·지선 겹치며 지역사회 촉각
✅ 저장 완료 [사회]: 쿠팡 야간 택배기사 95%, 사회적 대화 논의 '야간배
✅ 저장 완료 [사회]: 대한항공, 지역사회 소외 이웃에 '사랑의 쌀' 전달
✅ 저장 완료 [사회]: 손태영, ♥권상우와 혼전임신 숨긴 이유…"보수적 사회,
✅ [사회] 완료: 10개 처리

📰 [국제] 카테고리 수집 시작...
✅ 필터링 완료: 50개 -> 21개 신규 기사
✅ 저장 완료 [국제]: 청주 향하던 국제선 여객기 보조배터리서 연기…승무원 3
✅ 저장 완료 [국제]: 티웨이 국제선 비행중 보조배터리 연기…승무원 3명 이송
✅ 저장 완료 [국제]: 또 보조배터리?… 티웨이 국제선 비행 중 연기, 일부 
✅ 저장 완료 [국제]: 티웨이항공 국제선 비행기에서 보조배터리 연기
✅ 저장 완료 [국제]: 11월 경상수지 흑자 122.4억달러…반도체·車 수출 
✅ [국제] 완료: 5개 처리

📰 [스포츠] 카테고리 수집 시작...
✅ 필터링 완료: 50개 -> 24개 신규 기사
✅ 저장 완료 [스포츠]: 창원시, LG 세이커스·NC 다이노스 상생 협력…"연고
✅ 저장 완료 [스포츠]: 사우디 e스포츠 월드컵재단, 국가대항전 'ENC' 운영
✅ 저장 완료 [스포츠]: 코오롱스포츠 명동 플래그십 오픈, 글로벌 공략 시동
✅ 저장 완료 [스포츠]: 세나테크놀로지, 스노우 스포츠 라인업 2종 출시
✅ 저장 완료 [스포츠]: 스포티비, 2025 스포츠 장르 시청률 1위
✅ [스포츠] 완료: 5개 처리

📰 [IT과학] 카테고리 수집 시작...
✅ 필터링 완료: 50개 -> 30개 신규 기사
✅ 저장 완료 [IT과학]: 경기도-경기도경제과학진흥원, CES2026서 도내 기업
✅ 저장 완료 [IT과학]: 대전시, 세계 최대 IT·가전 전시회 CES 2026 
✅ 저장 완료 [IT과학]: AWS, AI 항체 어시스턴트 개발 지원…생명과학 혁신
✅ 저장 완료 [IT과학]: 아이티센글로벌, ·과학기술정보통신부 장관상' 수상...
✅ 저장 완료 [IT과학]: 광운대 정보과학교육원 컴퓨터공학 전공, 2026학년도 
✅ [IT과학] 완료: 5개 처리

📰 [연예] 카테고리 수집 시작...
✅ 필터링 완료: 50개 -> 31개 신규 기사
✅ 저장 완료 [연예]: 박서진, 연예대상 '최우수상' 비결은 노팬티? "필승템
✅ 저장 완료 [연예]: 연예계 ♥핑크빛 또 터졌다…주인공은 신봉선 "당시 알고
✅ 저장 완료 [연예]: 박서진, 연예대상 수상 직후 연습실로 직행..변함없는 
✅ 저장 완료 [연예]: ‘상간녀 피소’ 숙행, 변호사 선임…무변론 선고 취소
✅ 저장 완료 [연예]: 카리나, 14살 연상 연예인에 호감 표현 “촬영 후 애
✅ [연예] 완료: 5개 처리

🎉 전체 작업 완료: 총 41개 기사 저장
🚀 작업 시작: 2026-01-11 03:29:32.094374

📰 [정치] 카테고리 수집 시작...
✅ 필터링 완료: 50개 -> 2개 신규 기사
✅ 저장 완료 [정치]: 한동훈, '당게 조사' 국힘 당무위원장 고소…"명백한 
✅ 저장 완료 [정치]: 트럼프 "베네수엘라 두번째 공격 취소…정치범 석방 등 
✅ [정치] 완료: 2개 처리

📰 [경제] 카테고리 수집 시작...
✅ 필터링 완료: 50개 -> 1개 신규 기사
✅ 저장 완료 [경제]: 유엔, 올해 세계 경제성장률 2.7%로 둔화-한국 1.
✅ [경제] 완료: 1개 처리

📰 [사회] 카테고리 수집 시작...
✅ 필터링 완료: 50개 -> 9개 신규 기사
✅ 저장 완료 [사회]: 대만도 초고령 사회 진입…출생아 수는 역대 최저치
✅ 저장 완료 [사회]: 대만 총통 “중국, AI로 모든 선거 개입 시도…국가·
✅ 저장 완료 [사회]: 용인일반산업단지, 복합문화공간과 커뮤니티센터 등 사회 
✅ 저장 완료 [사회]: '대전충남 통합' 정치권 속도내지만…"졸속추진" 시민사
✅ 저장 완료 [사회]: 美 국제 기구 탈퇴 빈자리 노리는 中…‘국제 사회 신뢰
✅ 저장 완료 [사회]: 김포시 "기업체 92% 증가…사회조사결과 전 분야 상승
✅ 저장 완료 [사회]: 태안군, 소상공인 사회보험료 지원 신청·접수
✅ 저장 완료 [사회]: 김해시, 사회복지에 8446억 '733억 증액'…전체예
✅ 저장 완료 [사회]: 럭키 결혼식 사회자 전현무 등판 (조선의사랑꾼)
✅ [사회] 완료: 9개 처리

📰 [국제] 카테고리 수집 시작...
✅ 필터링 완료: 50개 -> 17개 신규 기사
✅ 저장 완료 [국제]: 티웨이 국제선 비행중 보조배터리서 연기 발생…승무원 3
✅ 저장 완료 [국제]: 서정욱 "尹사형 구형? 특검 쫄아서 못해…해도 尹에 유
✅ 저장 완료 [국제]: 트럼프 “국제법 필요없어, 내 권한 제한하는 것은 오직
✅ 저장 완료 [국제]: 트럼프, '유엔 산하기관 등 66개 국제기구서 탈퇴' 
✅ 저장 완료 [국제]: 李대통령 "에너지 문제로 국제 혼란…에너지대전환 잘 준
✅ [국제] 완료: 5개 처리

📰 [스포츠] 카테고리 수집 시작...
✅ 필터링 완료: 50개 -> 21개 신규 기사
✅ 저장 완료 [스포츠]: "우리 차가 더 우수"…토요타, ‘모터스포츠’ 집안싸움
✅ 저장 완료 [스포츠]: 코오롱스포츠, 서울 명동에 플래그십 매장 오픈
✅ 저장 완료 [스포츠]: 방신실 품은 지애드스포츠, 대어급·유망주 대거 영입
✅ 저장 완료 [스포츠]: [유통소식] 코오롱스포츠, 명동에 글로벌 플래그십 스토
✅ 저장 완료 [스포츠]: “엄마 없음?” 했더니 찐엄마 등판…‘페이커 속성과외’
✅ [스포츠] 완료: 5개 처리

📰 [IT과학] 카테고리 수집 시작...
✅ 필터링 완료: 50개 -> 26개 신규 기사
✅ 저장 완료 [IT과학]: 과기정통부, 대한민국 과학기술인상 1월 수상자 정명수 
✅ 저장 완료 [IT과학]: [IT는 지금] 팀네이버, 국내 최대 'B200' 40
✅ 저장 완료 [IT과학]: 김현곤 경기도경제과학진흥원장, 'CES 2026' 참관
✅ 저장 완료 [IT과학]: 경기도경제과학진흥원 김현곤 원장, 美 CES·실리콘밸리
✅ 저장 완료 [IT과학]: CES 빛낸 K-과학기술...AI 입으며 혁신 거듭 '
✅ [IT과학] 완료: 5개 처리

📰 [연예] 카테고리 수집 시작...
✅ 필터링 완료: 50개 -> 26개 신규 기사
✅ 저장 완료 [연예]: 가수 숙행 '상간녀 의혹' 법적대응…"법원에 소송위임장
✅ 저장 완료 [연예]: 박나래·전 매니저 오열하며 통화…녹취록 공개
✅ 저장 완료 [연예]: 故안성기 영면…별이 된 영원한 '국민 배우' [주간연예
✅ 저장 완료 [연예]: 곽범, '정관수술' 폭탄에 불명예 타이틀.."국내 연예
✅ 저장 완료 [연예]: ‘불륜 의혹’ 숙행, 변호사 선임… “별거 중 교제, 
✅ [연예] 완료: 5개 처리

🎉 전체 작업 완료: 총 32개 기사 저장
🚀 작업 시작: 2026-01-11 03:59:32.094194

📰 [정치] 카테고리 수집 시작...
✅ 필터링 완료: 50개 -> 0개 신규 기사
✅ [정치] 완료: 0개 처리

📰 [경제] 카테고리 수집 시작...
✅ 필터링 완료: 50개 -> 1개 신규 기사
✅ 저장 완료 [경제]: 유엔, 올해 세계경제 성장률 2.7% 전망…한국은 1.
✅ [경제] 완료: 1개 처리

📰 [사회] 카테고리 수집 시작...
✅ 필터링 완료: 50개 -> 2개 신규 기사
✅ 저장 완료 [사회]: 젠슨 황 "AI종말론, 사회에 해악…'AI 안전' 투자
✅ 저장 완료 [사회]: 타이완 총통, 중 선거 개입 우려…"국가·사회 안보 위
✅ [사회] 완료: 2개 처리

📰 [국제] 카테고리 수집 시작...
✅ 필터링 완료: 50개 -> 15개 신규 기사
✅ 저장 완료 [국제]: 티웨이 국제선서 보조배터리에 연기…승무원 3명 병원 이
✅ 저장 완료 [국제]: 中, 미 '66개 국제기구 탈퇴'에 "중국은 다자주의 
✅ 저장 완료 [국제]: 트럼프 “내겐 국제법 필요 없어…나를 막을 수 있는건 
✅ 저장 완료 [국제]: 국내외 석학 14명 한자리에…2027 충청 FISU 국
✅ 저장 완료 [국제]: 트럼프, 66개 국제기구 탈퇴 서명..."성과 없이 돈
✅ [국제] 완료: 5개 처리

📰 [스포츠] 카테고리 수집 시작...
✅ 필터링 완료: 50개 -> 17개 신규 기사
✅ 저장 완료 [스포츠]: 코오롱스포츠, 명동 글로벌 플래그십 스토어 오픈
✅ 저장 완료 [스포츠]: "이게 실화?" 슈퍼스타의 'K하트'…한국서 '기적' 
✅ 저장 완료 [스포츠]: [골프소식] 지애드스포츠, 방신실·리슈잉·송지아 계약 
✅ 저장 완료 [스포츠]: '송종국 딸' 송지아, 김효주·방신실 스타들과 한솥밥…
✅ 저장 완료 [스포츠]: 코오롱스포츠, 명동에 새 매장…“외국인 관광객 만난다”
✅ [스포츠] 완료: 5개 처리

📰 [IT과학] 카테고리 수집 시작...
✅ 필터링 완료: 50개 -> 22개 신규 기사
✅ 저장 완료 [IT과학]: [IT 소식 톺아보기- 1월 2주차] AI 패러다임 L
✅ 저장 완료 [IT과학]: 中서 유턴한 석학들 “K인재 관리 컨트롤타워 필요” [
✅ 저장 완료 [IT과학]: 충북테크노파크, '26년 과학기술분야 R&amp;D 대
✅ 저장 완료 [IT과학]: 김영식 국가과학기술연구회 이사장, CES 2026 시에
✅ 저장 완료 [IT과학]: KT 김영섭 “IT뿐만 아니라 모든 업무가 정보보안 대
✅ [IT과학] 완료: 5개 처리

📰 [연예] 카테고리 수집 시작...
✅ 필터링 완료: 50개 -> 22개 신규 기사
✅ 저장 완료 [연예]: "괜찮냐" 박나래·전 매니저 안부 물으며 오열…통화 녹
✅ 저장 완료 [연예]: 타쿠야, 무플연예인인데...가족들 슈퍼스타 오해 "BT
✅ 저장 완료 [연예]: 연예계 불법 의료 의혹 '주사 이모', 경찰 압수수색 
✅ 저장 완료 [연예]: “언니는 내 사랑”…박나래·전 매니저, ‘반전’ 녹취록
✅ 저장 완료 [연예]: ‘대상’ 유재석이 든 레고 꽃다발…화훼업계 “산업에 상
✅ [연예] 완료: 5개 처리

🎉 전체 작업 완료: 총 23개 기사 저장
🚀 작업 시작: 2026-01-11 04:29:32.115130

📰 [정치] 카테고리 수집 시작...
✅ 필터링 완료: 50개 -> 31개 신규 기사
✅ 저장 완료 [정치]: 정치권 온도 차..."예능 재판" vs "사법부의 시간
✅ 저장 완료 [정치]: 中 겨냥한 장동혁 "댓글 국적 표기하자"…與 "혐중 정
✅ 저장 완료 [정치]: “국힘 비난글 6만개 계정 중국”…외국인 댓글 국적 표
✅ 저장 완료 [정치]: “정치가 나쁘지 관치가 왜 나쁘냐”... 정건용 前 산
✅ 저장 완료 [정치]: 한동훈, '당게 조사' 국힘 당무위원장 고소…"명백한 
✅ 저장 완료 [정치]: 한동훈, 이호선 당무감사위원장 허위 사실 명예훼손 고소
✅ 저장 완료 [정치]: 홍준표 “내가 사람을 잘못 보았다” 누구 지칭하나? 정
✅ 저장 완료 [정치]: 쿠팡을 ‘괴물’로 만든 건 韓 정치의 무책임한 규제
✅ 저장 완료 [정치]: '무인기' 놓고 정치권 공방..."안보관 무원칙" vs
✅ 저장 완료 [정치]: ‘정치 손절’ 김흥국, 악플 읽다 울컥… “토할 것 같
✅ 저장 완료 [정치]: 트럼프 "베네수엘라 두 번째 공격 취소‥정치범 석방·인
✅ 저장 완료 [정치]: 서울시, 전장연·민주당 공세 반박… "장애인 정치에 이
✅ 저장 완료 [정치]: 트럼프 "베네수엘라, 정치범 석방 등 협조적"…2차 공
✅ 저장 완료 [정치]: 합수본, 내주 '정교유착' 수사 본격화…정치인 뇌물·1
✅ 저장 완료 [정치]: 한동훈 “당게 조작 감사결과, 정치공작이자 범죄…경찰에
✅ [정치] 완료: 15개 처리

📰 [경제] 카테고리 수집 시작...
✅ 필터링 완료: 50개 -> 38개 신규 기사
✅ 저장 완료 [경제]: '경제대도약 원년' 올해 성장 2% 넘기겠다…국부펀드 
✅ 저장 완료 [경제]: 팹 착공 후 1727억 지역 자원…용인반도체, 지역경제
✅ 저장 완료 [경제]: '경제대도약 원년' 선언…잠재성장률 반등으로 '2% 성
✅ 저장 완료 [경제]: 올해 7월부터 외환시장 24시간 개장[2026 경제성장
✅ 저장 완료 [경제]: 李대통령, 오는 13일 '1박2일' 일본 방문…靑 "지
✅ 저장 완료 [경제]: 유엔, 올해 세계 경제성장률 2.7%로 둔화...한국 
✅ 저장 완료 [경제]: [2026 성장전략] 정부, 올해 경제성장률 전망치 1
✅ 저장 완료 [경제]: 정부, 올해 경제성장률 2% 전망…"'소비·건설' 내수
✅ 저장 완료 [경제]: [경제성장전략] 정부, 올해 성장률 2% 제시…소비 1
✅ 저장 완료 [경제]: 이재명 대통령, '올해 경제성장률 2% 목표…경제성장전
✅ [경제] 완료: 10개 처리

📰 [사회] 카테고리 수집 시작...
✅ 필터링 완료: 50개 -> 39개 신규 기사
✅ 저장 완료 [사회]: 대만도 초고령 사회 진입…출생아 수는 역대 최저치
✅ 저장 완료 [사회]: 젠슨 황 "AI종말론, 사회에 해악…'AI 안전' 투자
✅ 저장 완료 [사회]: 2030년 진료비만 191조…초고령사회 진입에 재정 '
✅ 저장 완료 [사회]: 'ESG' 내건 경기도사회적경제원, 새 원장 체제에서 
✅ 저장 완료 [사회]: 대만도 늙어간다…日·韓 이어 ‘초고령 사회’로 진입
✅ 저장 완료 [사회]: 평온한 거리·차분한 사람들… ‘범생 사회’ 대만 체류기
✅ 저장 완료 [사회]: 타이완도 '초고령 사회' 진입...2년 연속 인구 감소
✅ 저장 완료 [사회]: 대만, 출생아 수 역대 최저치 기록해 '초고령 사회' 
✅ 저장 완료 [사회]: 재외국민 4명 중 1명은 노인…한국사회보다 고령화 속도
✅ 저장 완료 [사회]: [이주민 300만시대] ①'단일민족'은 옛말…다양성 짙
✅ [사회] 완료: 10개 처리

📰 [국제] 카테고리 수집 시작...
✅ 필터링 완료: 50개 -> 26개 신규 기사
✅ 저장 완료 [국제]: 티웨이 국제선 비행중 보조배터리 연기…승무원 3명 병원
✅ 저장 완료 [국제]: 서정욱 "특검, 尹에 사형 구형 못할 것...국제여론 
✅ 저장 완료 [국제]: 日총리 "국제정세 엄중…한일 우호·협력 강화해야"
✅ 저장 완료 [국제]: [MSCI 로드맵] 내년 선진지수 노린다…코리아디스카운
✅ 저장 완료 [국제]: 국제기구 66개 무더기 탈퇴…트럼프 노림수는?
✅ [국제] 완료: 5개 처리

📰 [스포츠] 카테고리 수집 시작...
✅ 필터링 완료: 50개 -> 31개 신규 기사
✅ 저장 완료 [스포츠]: [주말&amp;호텔·리조트] 농장체험부터 스포츠활동까지
✅ 저장 완료 [스포츠]: 코오롱스포츠, 명동에 매장…"외국인 고객과 접점 확대"
✅ 저장 완료 [스포츠]: 코오롱스포츠, 명동에 글로벌 플래그십 스토어 오픈
✅ 저장 완료 [스포츠]: 2026 LOL e스포츠 "이렇게 변화한다"
✅ 저장 완료 [스포츠]: 코오롱스포츠, 명동에 신규 매장 열었다
✅ [스포츠] 완료: 5개 처리

📰 [IT과학] 카테고리 수집 시작...
✅ 필터링 완료: 50개 -> 39개 신규 기사
✅ 저장 완료 [IT과학]: 공공서비스에 IT 결합한 韓 스타트업, CES에서 2년
✅ 저장 완료 [IT과학]: "뷰티는 과학"…CES 간 K-뷰티, AI 입다
✅ 저장 완료 [IT과학]: 대전시, 세계 최대 IT·가전 전시회 'CES 2026
✅ 저장 완료 [IT과학]: 1월 대한민국 과학기술인상에 정명수 파네시아 대표
✅ 저장 완료 [IT과학]: "스마트시티 안전AI부터 로봇까지"…한국과학기술연 CE
✅ [IT과학] 완료: 5개 처리

📰 [연예] 카테고리 수집 시작...
✅ 필터링 완료: 50개 -> 42개 신규 기사
✅ 저장 완료 [연예]: 연예대상서 레고 꽃다발, 화원 단체 “상처 받았다”
✅ 저장 완료 [연예]: "장난감 꽃에 상처"…연예대상 '레고 꽃다발' 비난, 
✅ 저장 완료 [연예]: "농구 참 재밌다" 열혈농구단, 필리핀 최강 연예인 농
✅ 저장 완료 [연예]: 연예대상 레고 꽃다발에…화원업계 "또 다른 상처" 무슨
✅ 저장 완료 [연예]: '선풍기 아줌마' 맞아? 故한혜경, 성형 전 연예인급 
✅ [연예] 완료: 5개 처리

🎉 전체 작업 완료: 총 55개 기사 저장
🚀 작업 시작: 2026-01-11 04:59:32.208554

📰 [정치] 카테고리 수집 시작...
✅ 필터링 완료: 50개 -> 21개 신규 기사
✅ 저장 완료 [정치]: "정치가 나쁘지 관치가 왜 나쁘냐"…정건용 전 산은 총
✅ 저장 완료 [정치]: '무인기' 놓고 정치권 공방..."안보관 무원칙" vs
✅ 저장 완료 [정치]: 한동훈, 당무감사위원장 고소..“명백한 정치공작”
✅ 저장 완료 [정치]: "명백한 정치공작"…한동훈, '당게 조사' 국힘 당무위
✅ 저장 완료 [정치]: 트럼프 “베네수엘라 두 번째 공격 취소… 정치범 석방 
✅ 저장 완료 [정치]: 트럼프 “베네수 정치범 석방 중…매우 현명, 2차 공격
✅ 저장 완료 [정치]: 한동훈, ‘당게 조사’ 이호선 당무위원장 고소…“정치공
✅ 저장 완료 [정치]: "반도체 국가산단 이전론, 정치적 주장... 즉각 중단
✅ 저장 완료 [정치]: 홍준표 "국민의힘, 尹·한동훈 제거해야…정치는 비정한 
✅ 저장 완료 [정치]: "기사 댓글에 '국적' 표시하자' 국민 64% 찬성..
✅ 저장 완료 [정치]: [정치 더] 김병기·이혜훈 믿는 구석
✅ 저장 완료 [정치]: “에너지·산업 분산”… 용인 반도체클러스터 전북 이전론
✅ 저장 완료 [정치]: 속도내는 광주·전남 행정통합…李대통령 의지에 정치권 화
✅ 저장 완료 [정치]: '서부지법 사태' 배후 의혹 전광훈 구속영장…"정치 보
✅ 저장 완료 [정치]: 장동혁, 與 '새만금 반도체 이전론'에 "지선 표 얻겠
✅ [정치] 완료: 15개 처리

📰 [경제] 카테고리 수집 시작...
✅ 필터링 완료: 50개 -> 32개 신규 기사
✅ 저장 완료 [경제]: "'경제 대도약 원년' 올해 성장 2% 넘기겠다"…국부
✅ 저장 완료 [경제]: 유엔, 올해 세계경제 성장률 2.7% 전망…한국은 1.
✅ 저장 완료 [경제]: [2026 성장전략] 정부 "올해 경제성장률 2.0%"
✅ 저장 완료 [경제]: "美·우크라, 1천200조원 규모 '전후 경제재건' 합
✅ 저장 완료 [경제]: 李, 오늘 '경제성장전략 국민보고회'…올해 주요 경제정
✅ 저장 완료 [경제]: 한국 경제, 대도약 출발선 섰다…올해 2%대 성장 회복
✅ 저장 완료 [경제]: 日총리 "경제 포함 국제정세 엄중…한일협력 어느 때보다
✅ 저장 완료 [경제]: [그래픽] 유엔 세계·한국 경제성장률 전망
✅ 저장 완료 [경제]: “경제대도약 원년, 성장률 2.0% 넘긴다”… 정부, 
✅ 저장 완료 [경제]: 이 대통령 "'K자형 성장 양극화' 중대한 도전…성장 
✅ [경제] 완료: 10개 처리

📰 [사회] 카테고리 수집 시작...
✅ 필터링 완료: 50개 -> 39개 신규 기사
❌ 처리 중 오류 (https://n.news.naver.com/mnews/article/021/0002762778?sid=104): {'message': "Could not find the 'is_ai_generated' column of 'news_articles' in the schema cache", 'code': 'PGRST204', 'hint': None, 'details': None}
❌ 처리 중 오류 (https://n.news.naver.com/mnews/article/001/0015839664?sid=104): {'message': "Could not find the 'is_ai_generated' column of 'news_articles' in the schema cache", 'code': 'PGRST204', 'hint': None, 'details': None}
❌ 처리 중 오류 (https://n.news.naver.com/mnews/article/015/0005234856?sid=102): {'message': "Could not find the 'is_ai_generated' column of 'news_articles' in the schema cache", 'code': 'PGRST204', 'hint': None, 'details': None}
❌ 처리 중 오류 (https://n.news.naver.com/mnews/article/047/0002501018?sid=102): {'message': "Could not find the 'is_ai_generated' column of 'news_articles' in the schema cache", 'code': 'PGRST204', 'hint': None, 'details': None}
❌ 처리 중 오류 (https://n.news.naver.com/mnews/article/243/0000090987?sid=101): {'message': "Could not find the 'is_ai_generated' column of 'news_articles' in the schema cache", 'code': 'PGRST204', 'hint': None, 'details': None}
❌ 처리 중 오류 (https://n.news.naver.com/mnews/article/022/0004096486?sid=103): {'message': "Could not find the 'is_ai_generated' column of 'news_articles' in the schema cache", 'code': 'PGRST204', 'hint': None, 'details': None}
❌ 처리 중 오류 (https://n.news.naver.com/mnews/article/052/0002298751?sid=104): {'message': "Could not find the 'is_ai_generated' column of 'news_articles' in the schema cache", 'code': 'PGRST204', 'hint': None, 'details': None}
❌ 처리 중 오류 (https://n.news.naver.com/mnews/article/448/0000582697?sid=104): {'message': "Could not find the 'is_ai_generated' column of 'news_articles' in the schema cache", 'code': 'PGRST204', 'hint': None, 'details': None}
❌ 처리 중 오류 (https://n.news.naver.com/mnews/article/001/0015839065?sid=100): {'message': "Could not find the 'is_ai_generated' column of 'news_articles' in the schema cache", 'code': 'PGRST204', 'hint': None, 'details': None}
❌ 처리 중 오류 (https://n.news.naver.com/mnews/article/001/0015839056?sid=102): {'message': "Could not find the 'is_ai_generated' column of 'news_articles' in the schema cache", 'code': 'PGRST204', 'hint': None, 'details': None}
✅ [사회] 완료: 10개 처리

📰 [국제] 카테고리 수집 시작...
✅ 필터링 완료: 50개 -> 26개 신규 기사
❌ 처리 중 오류 (https://n.news.naver.com/mnews/article/001/0015839243?sid=102): {'message': "Could not find the 'is_ai_generated' column of 'news_articles' in the schema cache", 'code': 'PGRST204', 'hint': None, 'details': None}
❌ 처리 중 오류 (https://n.news.naver.com/mnews/article/025/0003495714?sid=102): {'message': "Could not find the 'is_ai_generated' column of 'news_articles' in the schema cache", 'code': 'PGRST204', 'hint': None, 'details': None}
❌ 처리 중 오류 (https://n.news.naver.com/mnews/article/277/0005704802?sid=100): {'message': "Could not find the 'is_ai_generated' column of 'news_articles' in the schema cache", 'code': 'PGRST204', 'hint': None, 'details': None}
❌ 처리 중 오류 (https://n.news.naver.com/mnews/article/001/0015838318?sid=101): {'message': "Could not find the 'is_ai_generated' column of 'news_articles' in the schema cache", 'code': 'PGRST204', 'hint': None, 'details': None}
❌ 처리 중 오류 (https://n.news.naver.com/mnews/article/055/0001322727?sid=104): {'message': "Could not find the 'is_ai_generated' column of 'news_articles' in the schema cache", 'code': 'PGRST204', 'hint': None, 'details': None}
✅ [국제] 완료: 5개 처리

📰 [스포츠] 카테고리 수집 시작...
✅ 필터링 완료: 50개 -> 31개 신규 기사
❌ 처리 중 오류 (https://n.news.naver.com/mnews/article/003/0013702632?sid=101): {'message': "Could not find the 'is_ai_generated' column of 'news_articles' in the schema cache", 'code': 'PGRST204', 'hint': None, 'details': None}
❌ 처리 중 오류 (https://n.news.naver.com/mnews/article/001/0015837694?sid=101): {'message': "Could not find the 'is_ai_generated' column of 'news_articles' in the schema cache", 'code': 'PGRST204', 'hint': None, 'details': None}
❌ 처리 중 오류 (https://n.news.naver.com/mnews/article/421/0008704566?sid=101): {'message': "Could not find the 'is_ai_generated' column of 'news_articles' in the schema cache", 'code': 'PGRST204', 'hint': None, 'details': None}
❌ 처리 중 오류 (https://game.donga.com/121011/): {'message': "Could not find the 'is_ai_generated' column of 'news_articles' in the schema cache", 'code': 'PGRST204', 'hint': None, 'details': None}
❌ 처리 중 오류 (https://n.news.naver.com/mnews/article/008/0005302468?sid=101): {'message': "Could not find the 'is_ai_generated' column of 'news_articles' in the schema cache", 'code': 'PGRST204', 'hint': None, 'details': None}
✅ [스포츠] 완료: 5개 처리

📰 [IT과학] 카테고리 수집 시작...
✅ 필터링 완료: 50개 -> 39개 신규 기사
❌ 처리 중 오류 (https://n.news.naver.com/mnews/article/003/0013694334?sid=105): {'message': "Could not find the 'is_ai_generated' column of 'news_articles' in the schema cache", 'code': 'PGRST204', 'hint': None, 'details': None}
❌ 처리 중 오류 (https://n.news.naver.com/mnews/article/029/0003003816?sid=105): {'message': "Could not find the 'is_ai_generated' column of 'news_articles' in the schema cache", 'code': 'PGRST204', 'hint': None, 'details': None}
❌ 처리 중 오류 (https://n.news.naver.com/mnews/article/008/0005301490?sid=102): {'message': "Could not find the 'is_ai_generated' column of 'news_articles' in the schema cache", 'code': 'PGRST204', 'hint': None, 'details': None}
❌ 처리 중 오류 (https://n.news.naver.com/mnews/article/011/0004575799?sid=105): {'message': "Could not find the 'is_ai_generated' column of 'news_articles' in the schema cache", 'code': 'PGRST204', 'hint': None, 'details': None}
❌ 처리 중 오류 (https://n.news.naver.com/mnews/article/421/0008695275?sid=105): {'message': "Could not find the 'is_ai_generated' column of 'news_articles' in the schema cache", 'code': 'PGRST204', 'hint': None, 'details': None}
✅ [IT과학] 완료: 5개 처리

📰 [연예] 카테고리 수집 시작...
✅ 필터링 완료: 50개 -> 42개 신규 기사
❌ 처리 중 오류 (https://n.news.naver.com/mnews/article/023/0003952139?sid=103): {'message': "Could not find the 'is_ai_generated' column of 'news_articles' in the schema cache", 'code': 'PGRST204', 'hint': None, 'details': None}
❌ 처리 중 오류 (https://n.news.naver.com/mnews/article/025/0003495703?sid=102): {'message': "Could not find the 'is_ai_generated' column of 'news_articles' in the schema cache", 'code': 'PGRST204', 'hint': None, 'details': None}
❌ 처리 중 오류 (https://m.entertain.naver.com/article/003/0013703014): {'message': "Could not find the 'is_ai_generated' column of 'news_articles' in the schema cache", 'code': 'PGRST204', 'hint': None, 'details': None}
❌ 처리 중 오류 (https://m.entertain.naver.com/article/079/0004103730): {'message': "Could not find the 'is_ai_generated' column of 'news_articles' in the schema cache", 'code': 'PGRST204', 'hint': None, 'details': None}
❌ 처리 중 오류 (https://n.news.naver.com/mnews/article/277/0005704889?sid=105): {'message': "Could not find the 'is_ai_generated' column of 'news_articles' in the schema cache", 'code': 'PGRST204', 'hint': None, 'details': None}
✅ [연예] 완료: 5개 처리

🎉 전체 작업 완료: 총 25개 기사 저장
🚀 작업 시작: 2026-01-11 05:29:32.113396

📰 [정치] 카테고리 수집 시작...
✅ 필터링 완료: 50개 -> 31개 신규 기사
❌ 처리 중 오류 (https://n.news.naver.com/mnews/article/052/0002298804?sid=100): {'message': "Could not find the 'is_ai_generated' column of 'news_articles' in the schema cache", 'code': 'PGRST204', 'hint': None, 'details': None}
❌ 처리 중 오류 (https://n.news.naver.com/mnews/article/469/0000908180?sid=100): {'message': "Could not find the 'is_ai_generated' column of 'news_articles' in the schema cache", 'code': 'PGRST204', 'hint': None, 'details': None}
❌ 처리 중 오류 (https://n.news.naver.com/mnews/article/022/0004096544?sid=100): {'message': "Could not find the 'is_ai_generated' column of 'news_articles' in the schema cache", 'code': 'PGRST204', 'hint': None, 'details': None}
❌ 처리 중 오류 (https://n.news.naver.com/mnews/article/023/0003952178?sid=101): {'message': "Could not find the 'is_ai_generated' column of 'news_articles' in the schema cache", 'code': 'PGRST204', 'hint': None, 'details': None}
❌ 처리 중 오류 (https://n.news.naver.com/mnews/article/055/0001322886?sid=100): {'message': "Could not find the 'is_ai_generated' column of 'news_articles' in the schema cache", 'code': 'PGRST204', 'hint': None, 'details': None}
❌ 처리 중 오류 (https://n.news.naver.com/mnews/article/003/0013701365?sid=100): {'message': "Could not find the 'is_ai_generated' column of 'news_articles' in the schema cache", 'code': 'PGRST204', 'hint': None, 'details': None}
❌ 처리 중 오류 (https://n.news.naver.com/mnews/article/021/0002762773?sid=100): {'message': "Could not find the 'is_ai_generated' column of 'news_articles' in the schema cache", 'code': 'PGRST204', 'hint': None, 'details': None}
❌ 처리 중 오류 (https://n.news.naver.com/mnews/article/262/0000019071?sid=102): {'message': "Could not find the 'is_ai_generated' column of 'news_articles' in the schema cache", 'code': 'PGRST204', 'hint': None, 'details': None}
❌ 처리 중 오류 (https://n.news.naver.com/mnews/article/052/0002298847?sid=100): {'message': "Could not find the 'is_ai_generated' column of 'news_articles' in the schema cache", 'code': 'PGRST204', 'hint': None, 'details': None}
❌ 처리 중 오류 (https://n.news.naver.com/mnews/article/023/0003952032?sid=103): {'message': "Could not find the 'is_ai_generated' column of 'news_articles' in the schema cache", 'code': 'PGRST204', 'hint': None, 'details': None}
❌ 처리 중 오류 (https://n.news.naver.com/mnews/article/214/0001473357?sid=104): {'message': "Could not find the 'is_ai_generated' column of 'news_articles' in the schema cache", 'code': 'PGRST204', 'hint': None, 'details': None}
❌ 처리 중 오류 (https://n.news.naver.com/mnews/article/417/0001123842?sid=102): {'message': "Could not find the 'is_ai_generated' column of 'news_articles' in the schema cache", 'code': 'PGRST204', 'hint': None, 'details': None}
❌ 처리 중 오류 (https://n.news.naver.com/mnews/article/079/0004103655?sid=104): {'message': "Could not find the 'is_ai_generated' column of 'news_articles' in the schema cache", 'code': 'PGRST204', 'hint': None, 'details': None}
❌ 처리 중 오류 (https://n.news.naver.com/mnews/article/003/0013702628?sid=102): {'message': "Could not find the 'is_ai_generated' column of 'news_articles' in the schema cache", 'code': 'PGRST204', 'hint': None, 'details': None}
❌ 처리 중 오류 (https://n.news.naver.com/mnews/article/009/0005619063?sid=100): {'message': "Could not find the 'is_ai_generated' column of 'news_articles' in the schema cache", 'code': 'PGRST204', 'hint': None, 'details': None}
✅ [정치] 완료: 15개 처리

📰 [경제] 카테고리 수집 시작...
✅ 필터링 완료: 50개 -> 38개 신규 기사
❌ 처리 중 오류 (https://n.news.naver.com/mnews/article/001/0015838256?sid=101): {'message': "Could not find the 'is_ai_generated' column of 'news_articles' in the schema cache", 'code': 'PGRST204', 'hint': None, 'details': None}
❌ 처리 중 오류 (https://n.news.naver.com/mnews/article/003/0013701113?sid=102): {'message': "Could not find the 'is_ai_generated' column of 'news_articles' in the schema cache", 'code': 'PGRST204', 'hint': None, 'details': None}
❌ 처리 중 오류 (https://n.news.naver.com/mnews/article/079/0004103523?sid=101): {'message': "Could not find the 'is_ai_generated' column of 'news_articles' in the schema cache", 'code': 'PGRST204', 'hint': None, 'details': None}
❌ 처리 중 오류 (https://n.news.naver.com/mnews/article/032/0003420493?sid=101): {'message': "Could not find the 'is_ai_generated' column of 'news_articles' in the schema cache", 'code': 'PGRST204', 'hint': None, 'details': None}
❌ 처리 중 오류 (https://n.news.naver.com/mnews/article/421/0008704625?sid=100): {'message': "Could not find the 'is_ai_generated' column of 'news_articles' in the schema cache", 'code': 'PGRST204', 'hint': None, 'details': None}
❌ 처리 중 오류 (https://n.news.naver.com/mnews/article/050/0000100754?sid=101): {'message': "Could not find the 'is_ai_generated' column of 'news_articles' in the schema cache", 'code': 'PGRST204', 'hint': None, 'details': None}
❌ 처리 중 오류 (https://n.news.naver.com/mnews/article/366/0001135215?sid=101): {'message': "Could not find the 'is_ai_generated' column of 'news_articles' in the schema cache", 'code': 'PGRST204', 'hint': None, 'details': None}
❌ 처리 중 오류 (https://n.news.naver.com/mnews/article/008/0005302566?sid=101): {'message': "Could not find the 'is_ai_generated' column of 'news_articles' in the schema cache", 'code': 'PGRST204', 'hint': None, 'details': None}
❌ 처리 중 오류 (https://n.news.naver.com/mnews/article/082/0001361978?sid=101): {'message': "Could not find the 'is_ai_generated' column of 'news_articles' in the schema cache", 'code': 'PGRST204', 'hint': None, 'details': None}
❌ 처리 중 오류 (https://n.news.naver.com/mnews/article/003/0013702256?sid=100): {'message': "Could not find the 'is_ai_generated' column of 'news_articles' in the schema cache", 'code': 'PGRST204', 'hint': None, 'details': None}
✅ [경제] 완료: 10개 처리

📰 [사회] 카테고리 수집 시작...
✅ 필터링 완료: 50개 -> 39개 신규 기사
❌ 처리 중 오류 (https://n.news.naver.com/mnews/article/021/0002762778?sid=104): {'message': "Could not find the 'is_ai_generated' column of 'news_articles' in the schema cache", 'code': 'PGRST204', 'hint': None, 'details': None}
❌ 처리 중 오류 (https://n.news.naver.com/mnews/article/001/0015839664?sid=104): {'message': "Could not find the 'is_ai_generated' column of 'news_articles' in the schema cache", 'code': 'PGRST204', 'hint': None, 'details': None}
❌ 처리 중 오류 (https://n.news.naver.com/mnews/article/015/0005234856?sid=102): {'message': "Could not find the 'is_ai_generated' column of 'news_articles' in the schema cache", 'code': 'PGRST204', 'hint': None, 'details': None}
❌ 처리 중 오류 (https://n.news.naver.com/mnews/article/047/0002501018?sid=102): {'message': "Could not find the 'is_ai_generated' column of 'news_articles' in the schema cache", 'code': 'PGRST204', 'hint': None, 'details': None}
❌ 처리 중 오류 (https://n.news.naver.com/mnews/article/243/0000090987?sid=101): {'message': "Could not find the 'is_ai_generated' column of 'news_articles' in the schema cache", 'code': 'PGRST204', 'hint': None, 'details': None}
❌ 처리 중 오류 (https://n.news.naver.com/mnews/article/022/0004096486?sid=103): {'message': "Could not find the 'is_ai_generated' column of 'news_articles' in the schema cache", 'code': 'PGRST204', 'hint': None, 'details': None}
❌ 처리 중 오류 (https://n.news.naver.com/mnews/article/052/0002298751?sid=104): {'message': "Could not find the 'is_ai_generated' column of 'news_articles' in the schema cache", 'code': 'PGRST204', 'hint': None, 'details': None}
❌ 처리 중 오류 (https://n.news.naver.com/mnews/article/448/0000582697?sid=104): {'message': "Could not find the 'is_ai_generated' column of 'news_articles' in the schema cache", 'code': 'PGRST204', 'hint': None, 'details': None}
❌ 처리 중 오류 (https://n.news.naver.com/mnews/article/001/0015839065?sid=100): {'message': "Could not find the 'is_ai_generated' column of 'news_articles' in the schema cache", 'code': 'PGRST204', 'hint': None, 'details': None}
❌ 처리 중 오류 (https://n.news.naver.com/mnews/article/001/0015839056?sid=102): {'message': "Could not find the 'is_ai_generated' column of 'news_articles' in the schema cache", 'code': 'PGRST204', 'hint': None, 'details': None}
✅ [사회] 완료: 10개 처리

📰 [국제] 카테고리 수집 시작...
✅ 필터링 완료: 50개 -> 26개 신규 기사
❌ 처리 중 오류 (https://n.news.naver.com/mnews/article/001/0015839243?sid=102): {'message': "Could not find the 'is_ai_generated' column of 'news_articles' in the schema cache", 'code': 'PGRST204', 'hint': None, 'details': None}
❌ 처리 중 오류 (https://n.news.naver.com/mnews/article/025/0003495714?sid=102): {'message': "Could not find the 'is_ai_generated' column of 'news_articles' in the schema cache", 'code': 'PGRST204', 'hint': None, 'details': None}
❌ 처리 중 오류 (https://n.news.naver.com/mnews/article/277/0005704802?sid=100): {'message': "Could not find the 'is_ai_generated' column of 'news_articles' in the schema cache", 'code': 'PGRST204', 'hint': None, 'details': None}
❌ 처리 중 오류 (https://n.news.naver.com/mnews/article/001/0015838318?sid=101): {'message': "Could not find the 'is_ai_generated' column of 'news_articles' in the schema cache", 'code': 'PGRST204', 'hint': None, 'details': None}
❌ 처리 중 오류 (https://n.news.naver.com/mnews/article/055/0001322727?sid=104): {'message': "Could not find the 'is_ai_generated' column of 'news_articles' in the schema cache", 'code': 'PGRST204', 'hint': None, 'details': None}
✅ [국제] 완료: 5개 처리

📰 [스포츠] 카테고리 수집 시작...
✅ 필터링 완료: 50개 -> 31개 신규 기사
❌ 처리 중 오류 (https://n.news.naver.com/mnews/article/003/0013702632?sid=101): {'message': "Could not find the 'is_ai_generated' column of 'news_articles' in the schema cache", 'code': 'PGRST204', 'hint': None, 'details': None}
❌ 처리 중 오류 (https://n.news.naver.com/mnews/article/001/0015837694?sid=101): {'message': "Could not find the 'is_ai_generated' column of 'news_articles' in the schema cache", 'code': 'PGRST204', 'hint': None, 'details': None}
❌ 처리 중 오류 (https://n.news.naver.com/mnews/article/421/0008704566?sid=101): {'message': "Could not find the 'is_ai_generated' column of 'news_articles' in the schema cache", 'code': 'PGRST204', 'hint': None, 'details': None}
❌ 처리 중 오류 (https://game.donga.com/121011/): {'message': "Could not find the 'is_ai_generated' column of 'news_articles' in the schema cache", 'code': 'PGRST204', 'hint': None, 'details': None}
❌ 처리 중 오류 (https://n.news.naver.com/mnews/article/008/0005302468?sid=101): {'message': "Could not find the 'is_ai_generated' column of 'news_articles' in the schema cache", 'code': 'PGRST204', 'hint': None, 'details': None}
✅ [스포츠] 완료: 5개 처리

📰 [IT과학] 카테고리 수집 시작...
✅ 필터링 완료: 50개 -> 39개 신규 기사
❌ 처리 중 오류 (https://n.news.naver.com/mnews/article/003/0013694334?sid=105): {'message': "Could not find the 'is_ai_generated' column of 'news_articles' in the schema cache", 'code': 'PGRST204', 'hint': None, 'details': None}
❌ 처리 중 오류 (https://n.news.naver.com/mnews/article/029/0003003816?sid=105): {'message': "Could not find the 'is_ai_generated' column of 'news_articles' in the schema cache", 'code': 'PGRST204', 'hint': None, 'details': None}
❌ 처리 중 오류 (https://n.news.naver.com/mnews/article/008/0005301490?sid=102): {'message': "Could not find the 'is_ai_generated' column of 'news_articles' in the schema cache", 'code': 'PGRST204', 'hint': None, 'details': None}
❌ 처리 중 오류 (https://n.news.naver.com/mnews/article/011/0004575799?sid=105): {'message': "Could not find the 'is_ai_generated' column of 'news_articles' in the schema cache", 'code': 'PGRST204', 'hint': None, 'details': None}
❌ 처리 중 오류 (https://n.news.naver.com/mnews/article/421/0008695275?sid=105): {'message': "Could not find the 'is_ai_generated' column of 'news_articles' in the schema cache", 'code': 'PGRST204', 'hint': None, 'details': None}
✅ [IT과학] 완료: 5개 처리

📰 [연예] 카테고리 수집 시작...
✅ 필터링 완료: 50개 -> 42개 신규 기사
❌ 처리 중 오류 (https://n.news.naver.com/mnews/article/023/0003952139?sid=103): {'message': "Could not find the 'is_ai_generated' column of 'news_articles' in the schema cache", 'code': 'PGRST204', 'hint': None, 'details': None}
❌ 처리 중 오류 (https://n.news.naver.com/mnews/article/025/0003495703?sid=102): {'message': "Could not find the 'is_ai_generated' column of 'news_articles' in the schema cache", 'code': 'PGRST204', 'hint': None, 'details': None}
❌ 처리 중 오류 (https://m.entertain.naver.com/article/003/0013703014): {'message': "Could not find the 'is_ai_generated' column of 'news_articles' in the schema cache", 'code': 'PGRST204', 'hint': None, 'details': None}
❌ 처리 중 오류 (https://m.entertain.naver.com/article/079/0004103730): {'message': "Could not find the 'is_ai_generated' column of 'news_articles' in the schema cache", 'code': 'PGRST204', 'hint': None, 'details': None}
❌ 처리 중 오류 (https://n.news.naver.com/mnews/article/277/0005704889?sid=105): {'message': "Could not find the 'is_ai_generated' column of 'news_articles' in the schema cache", 'code': 'PGRST204', 'hint': None, 'details': None}
✅ [연예] 완료: 5개 처리

🎉 전체 작업 완료: 총 0개 기사 저장
🚀 작업 시작: 2026-01-11 05:59:32.095087

📰 [정치] 카테고리 수집 시작...
✅ 필터링 완료: 50개 -> 31개 신규 기사
❌ 처리 중 오류 (https://n.news.naver.com/mnews/article/052/0002298804?sid=100): {'message': "Could not find the 'is_ai_generated' column of 'news_articles' in the schema cache", 'code': 'PGRST204', 'hint': None, 'details': None}
❌ 처리 중 오류 (https://n.news.naver.com/mnews/article/469/0000908180?sid=100): {'message': "Could not find the 'is_ai_generated' column of 'news_articles' in the schema cache", 'code': 'PGRST204', 'hint': None, 'details': None}
❌ 처리 중 오류 (https://n.news.naver.com/mnews/article/022/0004096544?sid=100): {'message': "Could not find the 'is_ai_generated' column of 'news_articles' in the schema cache", 'code': 'PGRST204', 'hint': None, 'details': None}
❌ 처리 중 오류 (https://n.news.naver.com/mnews/article/023/0003952178?sid=101): {'message': "Could not find the 'is_ai_generated' column of 'news_articles' in the schema cache", 'code': 'PGRST204', 'hint': None, 'details': None}
❌ 처리 중 오류 (https://n.news.naver.com/mnews/article/055/0001322886?sid=100): {'message': "Could not find the 'is_ai_generated' column of 'news_articles' in the schema cache", 'code': 'PGRST204', 'hint': None, 'details': None}
❌ 처리 중 오류 (https://n.news.naver.com/mnews/article/003/0013701365?sid=100): {'message': "Could not find the 'is_ai_generated' column of 'news_articles' in the schema cache", 'code': 'PGRST204', 'hint': None, 'details': None}
❌ 처리 중 오류 (https://n.news.naver.com/mnews/article/021/0002762773?sid=100): {'message': "Could not find the 'is_ai_generated' column of 'news_articles' in the schema cache", 'code': 'PGRST204', 'hint': None, 'details': None}
❌ 처리 중 오류 (https://n.news.naver.com/mnews/article/262/0000019071?sid=102): {'message': "Could not find the 'is_ai_generated' column of 'news_articles' in the schema cache", 'code': 'PGRST204', 'hint': None, 'details': None}
❌ 처리 중 오류 (https://n.news.naver.com/mnews/article/052/0002298847?sid=100): {'message': "Could not find the 'is_ai_generated' column of 'news_articles' in the schema cache", 'code': 'PGRST204', 'hint': None, 'details': None}
❌ 처리 중 오류 (https://n.news.naver.com/mnews/article/023/0003952032?sid=103): {'message': "Could not find the 'is_ai_generated' column of 'news_articles' in the schema cache", 'code': 'PGRST204', 'hint': None, 'details': None}
❌ 처리 중 오류 (https://n.news.naver.com/mnews/article/214/0001473357?sid=104): {'message': "Could not find the 'is_ai_generated' column of 'news_articles' in the schema cache", 'code': 'PGRST204', 'hint': None, 'details': None}
❌ 처리 중 오류 (https://n.news.naver.com/mnews/article/417/0001123842?sid=102): {'message': "Could not find the 'is_ai_generated' column of 'news_articles' in the schema cache", 'code': 'PGRST204', 'hint': None, 'details': None}
❌ 처리 중 오류 (https://n.news.naver.com/mnews/article/079/0004103655?sid=104): {'message': "Could not find the 'is_ai_generated' column of 'news_articles' in the schema cache", 'code': 'PGRST204', 'hint': None, 'details': None}
❌ 처리 중 오류 (https://n.news.naver.com/mnews/article/003/0013702628?sid=102): {'message': "Could not find the 'is_ai_generated' column of 'news_articles' in the schema cache", 'code': 'PGRST204', 'hint': None, 'details': None}
❌ 처리 중 오류 (https://n.news.naver.com/mnews/article/009/0005619063?sid=100): {'message': "Could not find the 'is_ai_generated' column of 'news_articles' in the schema cache", 'code': 'PGRST204', 'hint': None, 'details': None}
✅ [정치] 완료: 15개 처리

📰 [경제] 카테고리 수집 시작...
✅ 필터링 완료: 50개 -> 38개 신규 기사
❌ 처리 중 오류 (https://n.news.naver.com/mnews/article/001/0015838256?sid=101): {'message': "Could not find the 'is_ai_generated' column of 'news_articles' in the schema cache", 'code': 'PGRST204', 'hint': None, 'details': None}
❌ 처리 중 오류 (https://n.news.naver.com/mnews/article/003/0013701113?sid=102): {'message': "Could not find the 'is_ai_generated' column of 'news_articles' in the schema cache", 'code': 'PGRST204', 'hint': None, 'details': None}
❌ 처리 중 오류 (https://n.news.naver.com/mnews/article/079/0004103523?sid=101): {'message': "Could not find the 'is_ai_generated' column of 'news_articles' in the schema cache", 'code': 'PGRST204', 'hint': None, 'details': None}
❌ 처리 중 오류 (https://n.news.naver.com/mnews/article/032/0003420493?sid=101): {'message': "Could not find the 'is_ai_generated' column of 'news_articles' in the schema cache", 'code': 'PGRST204', 'hint': None, 'details': None}
❌ 처리 중 오류 (https://n.news.naver.com/mnews/article/421/0008704625?sid=100): {'message': "Could not find the 'is_ai_generated' column of 'news_articles' in the schema cache", 'code': 'PGRST204', 'hint': None, 'details': None}
❌ 처리 중 오류 (https://n.news.naver.com/mnews/article/050/0000100754?sid=101): {'message': "Could not find the 'is_ai_generated' column of 'news_articles' in the schema cache", 'code': 'PGRST204', 'hint': None, 'details': None}
❌ 처리 중 오류 (https://n.news.naver.com/mnews/article/366/0001135215?sid=101): {'message': "Could not find the 'is_ai_generated' column of 'news_articles' in the schema cache", 'code': 'PGRST204', 'hint': None, 'details': None}
❌ 처리 중 오류 (https://n.news.naver.com/mnews/article/008/0005302566?sid=101): {'message': "Could not find the 'is_ai_generated' column of 'news_articles' in the schema cache", 'code': 'PGRST204', 'hint': None, 'details': None}
❌ 처리 중 오류 (https://n.news.naver.com/mnews/article/082/0001361978?sid=101): {'message': "Could not find the 'is_ai_generated' column of 'news_articles' in the schema cache", 'code': 'PGRST204', 'hint': None, 'details': None}
❌ 처리 중 오류 (https://n.news.naver.com/mnews/article/003/0013702256?sid=100): {'message': "Could not find the 'is_ai_generated' column of 'news_articles' in the schema cache", 'code': 'PGRST204', 'hint': None, 'details': None}
✅ [경제] 완료: 10개 처리

📰 [사회] 카테고리 수집 시작...
✅ 필터링 완료: 50개 -> 40개 신규 기사
❌ 처리 중 오류 (https://n.news.naver.com/mnews/article/001/0015839664?sid=104): {'message': "Could not find the 'is_ai_generated' column of 'news_articles' in the schema cache", 'code': 'PGRST204', 'hint': None, 'details': None}
❌ 처리 중 오류 (https://n.news.naver.com/mnews/article/021/0002762778?sid=104): {'message': "Could not find the 'is_ai_generated' column of 'news_articles' in the schema cache", 'code': 'PGRST204', 'hint': None, 'details': None}
❌ 처리 중 오류 (https://n.news.naver.com/mnews/article/015/0005234856?sid=102): {'message': "Could not find the 'is_ai_generated' column of 'news_articles' in the schema cache", 'code': 'PGRST204', 'hint': None, 'details': None}
❌ 처리 중 오류 (https://n.news.naver.com/mnews/article/047/0002501018?sid=102): {'message': "Could not find the 'is_ai_generated' column of 'news_articles' in the schema cache", 'code': 'PGRST204', 'hint': None, 'details': None}
❌ 처리 중 오류 (https://n.news.naver.com/mnews/article/243/0000090987?sid=101): {'message': "Could not find the 'is_ai_generated' column of 'news_articles' in the schema cache", 'code': 'PGRST204', 'hint': None, 'details': None}
❌ 처리 중 오류 (https://n.news.naver.com/mnews/article/022/0004096486?sid=103): {'message': "Could not find the 'is_ai_generated' column of 'news_articles' in the schema cache", 'code': 'PGRST204', 'hint': None, 'details': None}
❌ 처리 중 오류 (https://n.news.naver.com/mnews/article/052/0002298751?sid=104): {'message': "Could not find the 'is_ai_generated' column of 'news_articles' in the schema cache", 'code': 'PGRST204', 'hint': None, 'details': None}
❌ 처리 중 오류 (https://n.news.naver.com/mnews/article/448/0000582697?sid=104): {'message': "Could not find the 'is_ai_generated' column of 'news_articles' in the schema cache", 'code': 'PGRST204', 'hint': None, 'details': None}
❌ 처리 중 오류 (https://n.news.naver.com/mnews/article/001/0015839065?sid=100): {'message': "Could not find the 'is_ai_generated' column of 'news_articles' in the schema cache", 'code': 'PGRST204', 'hint': None, 'details': None}
❌ 처리 중 오류 (https://n.news.naver.com/mnews/article/001/0015839056?sid=102): {'message': "Could not find the 'is_ai_generated' column of 'news_articles' in the schema cache", 'code': 'PGRST204', 'hint': None, 'details': None}
✅ [사회] 완료: 10개 처리

📰 [국제] 카테고리 수집 시작...
✅ 필터링 완료: 50개 -> 27개 신규 기사
❌ 처리 중 오류 (https://n.news.naver.com/mnews/article/001/0015839243?sid=102): {'message': "Could not find the 'is_ai_generated' column of 'news_articles' in the schema cache", 'code': 'PGRST204', 'hint': None, 'details': None}
❌ 처리 중 오류 (https://n.news.naver.com/mnews/article/025/0003495714?sid=102): {'message': "Could not find the 'is_ai_generated' column of 'news_articles' in the schema cache", 'code': 'PGRST204', 'hint': None, 'details': None}
❌ 처리 중 오류 (https://n.news.naver.com/mnews/article/277/0005704802?sid=100): {'message': "Could not find the 'is_ai_generated' column of 'news_articles' in the schema cache", 'code': 'PGRST204', 'hint': None, 'details': None}
❌ 처리 중 오류 (https://n.news.naver.com/mnews/article/001/0015838318?sid=101): {'message': "Could not find the 'is_ai_generated' column of 'news_articles' in the schema cache", 'code': 'PGRST204', 'hint': None, 'details': None}
❌ 처리 중 오류 (https://n.news.naver.com/mnews/article/055/0001322727?sid=104): {'message': "Could not find the 'is_ai_generated' column of 'news_articles' in the schema cache", 'code': 'PGRST204', 'hint': None, 'details': None}
✅ [국제] 완료: 5개 처리

📰 [스포츠] 카테고리 수집 시작...
✅ 필터링 완료: 50개 -> 31개 신규 기사
❌ 처리 중 오류 (https://n.news.naver.com/mnews/article/003/0013702632?sid=101): {'message': "Could not find the 'is_ai_generated' column of 'news_articles' in the schema cache", 'code': 'PGRST204', 'hint': None, 'details': None}
❌ 처리 중 오류 (https://n.news.naver.com/mnews/article/001/0015837694?sid=101): {'message': "Could not find the 'is_ai_generated' column of 'news_articles' in the schema cache", 'code': 'PGRST204', 'hint': None, 'details': None}
❌ 처리 중 오류 (https://n.news.naver.com/mnews/article/421/0008704566?sid=101): {'message': "Could not find the 'is_ai_generated' column of 'news_articles' in the schema cache", 'code': 'PGRST204', 'hint': None, 'details': None}
❌ 처리 중 오류 (https://game.donga.com/121011/): {'message': "Could not find the 'is_ai_generated' column of 'news_articles' in the schema cache", 'code': 'PGRST204', 'hint': None, 'details': None}
❌ 처리 중 오류 (https://n.news.naver.com/mnews/article/008/0005302468?sid=101): {'message': "Could not find the 'is_ai_generated' column of 'news_articles' in the schema cache", 'code': 'PGRST204', 'hint': None, 'details': None}
✅ [스포츠] 완료: 5개 처리

📰 [IT과학] 카테고리 수집 시작...
✅ 필터링 완료: 50개 -> 39개 신규 기사
❌ 처리 중 오류 (https://n.news.naver.com/mnews/article/003/0013694334?sid=105): {'message': "Could not find the 'is_ai_generated' column of 'news_articles' in the schema cache", 'code': 'PGRST204', 'hint': None, 'details': None}
❌ 처리 중 오류 (https://n.news.naver.com/mnews/article/029/0003003816?sid=105): {'message': "Could not find the 'is_ai_generated' column of 'news_articles' in the schema cache", 'code': 'PGRST204', 'hint': None, 'details': None}
❌ 처리 중 오류 (https://n.news.naver.com/mnews/article/008/0005301490?sid=102): {'message': "Could not find the 'is_ai_generated' column of 'news_articles' in the schema cache", 'code': 'PGRST204', 'hint': None, 'details': None}
❌ 처리 중 오류 (https://n.news.naver.com/mnews/article/011/0004575799?sid=105): {'message': "Could not find the 'is_ai_generated' column of 'news_articles' in the schema cache", 'code': 'PGRST204', 'hint': None, 'details': None}
❌ 처리 중 오류 (https://n.news.naver.com/mnews/article/421/0008695275?sid=105): {'message': "Could not find the 'is_ai_generated' column of 'news_articles' in the schema cache", 'code': 'PGRST204', 'hint': None, 'details': None}
✅ [IT과학] 완료: 5개 처리

📰 [연예] 카테고리 수집 시작...
✅ 필터링 완료: 50개 -> 42개 신규 기사
❌ 처리 중 오류 (https://n.news.naver.com/mnews/article/023/0003952139?sid=103): {'message': "Could not find the 'is_ai_generated' column of 'news_articles' in the schema cache", 'code': 'PGRST204', 'hint': None, 'details': None}
❌ 처리 중 오류 (https://n.news.naver.com/mnews/article/025/0003495703?sid=102): {'message': "Could not find the 'is_ai_generated' column of 'news_articles' in the schema cache", 'code': 'PGRST204', 'hint': None, 'details': None}
❌ 처리 중 오류 (https://m.entertain.naver.com/article/003/0013703014): {'message': "Could not find the 'is_ai_generated' column of 'news_articles' in the schema cache", 'code': 'PGRST204', 'hint': None, 'details': None}
❌ 처리 중 오류 (https://m.entertain.naver.com/article/079/0004103730): {'message': "Could not find the 'is_ai_generated' column of 'news_articles' in the schema cache", 'code': 'PGRST204', 'hint': None, 'details': None}
❌ 처리 중 오류 (https://n.news.naver.com/mnews/article/277/0005704889?sid=105): {'message': "Could not find the 'is_ai_generated' column of 'news_articles' in the schema cache", 'code': 'PGRST204', 'hint': None, 'details': None}
✅ [연예] 완료: 5개 처리

🎉 전체 작업 완료: 총 0개 기사 저장
🚀 작업 시작: 2026-01-11 06:29:32.186434

📰 [정치] 카테고리 수집 시작...
✅ 필터링 완료: 50개 -> 32개 신규 기사
❌ 처리 중 오류 (https://n.news.naver.com/mnews/article/052/0002298804?sid=100): {'message': "Could not find the 'is_ai_generated' column of 'news_articles' in the schema cache", 'code': 'PGRST204', 'hint': None, 'details': None}
❌ 처리 중 오류 (https://n.news.naver.com/mnews/article/469/0000908180?sid=100): {'message': "Could not find the 'is_ai_generated' column of 'news_articles' in the schema cache", 'code': 'PGRST204', 'hint': None, 'details': None}
❌ 처리 중 오류 (https://n.news.naver.com/mnews/article/022/0004096544?sid=100): {'message': "Could not find the 'is_ai_generated' column of 'news_articles' in the schema cache", 'code': 'PGRST204', 'hint': None, 'details': None}
❌ 처리 중 오류 (https://n.news.naver.com/mnews/article/023/0003952178?sid=101): {'message': "Could not find the 'is_ai_generated' column of 'news_articles' in the schema cache", 'code': 'PGRST204', 'hint': None, 'details': None}
❌ 처리 중 오류 (https://n.news.naver.com/mnews/article/055/0001322886?sid=100): {'message': "Could not find the 'is_ai_generated' column of 'news_articles' in the schema cache", 'code': 'PGRST204', 'hint': None, 'details': None}
❌ 처리 중 오류 (https://n.news.naver.com/mnews/article/003/0013701365?sid=100): {'message': "Could not find the 'is_ai_generated' column of 'news_articles' in the schema cache", 'code': 'PGRST204', 'hint': None, 'details': None}
❌ 처리 중 오류 (https://n.news.naver.com/mnews/article/021/0002762773?sid=100): {'message': "Could not find the 'is_ai_generated' column of 'news_articles' in the schema cache", 'code': 'PGRST204', 'hint': None, 'details': None}
❌ 처리 중 오류 (https://n.news.naver.com/mnews/article/262/0000019071?sid=102): {'message': "Could not find the 'is_ai_generated' column of 'news_articles' in the schema cache", 'code': 'PGRST204', 'hint': None, 'details': None}
❌ 처리 중 오류 (https://n.news.naver.com/mnews/article/052/0002298847?sid=100): {'message': "Could not find the 'is_ai_generated' column of 'news_articles' in the schema cache", 'code': 'PGRST204', 'hint': None, 'details': None}
❌ 처리 중 오류 (https://n.news.naver.com/mnews/article/023/0003952032?sid=103): {'message': "Could not find the 'is_ai_generated' column of 'news_articles' in the schema cache", 'code': 'PGRST204', 'hint': None, 'details': None}
❌ 처리 중 오류 (https://n.news.naver.com/mnews/article/214/0001473357?sid=104): {'message': "Could not find the 'is_ai_generated' column of 'news_articles' in the schema cache", 'code': 'PGRST204', 'hint': None, 'details': None}
❌ 처리 중 오류 (https://n.news.naver.com/mnews/article/417/0001123842?sid=102): {'message': "Could not find the 'is_ai_generated' column of 'news_articles' in the schema cache", 'code': 'PGRST204', 'hint': None, 'details': None}
❌ 처리 중 오류 (https://n.news.naver.com/mnews/article/001/0015839718?sid=104): {'message': "Could not find the 'is_ai_generated' column of 'news_articles' in the schema cache", 'code': 'PGRST204', 'hint': None, 'details': None}
❌ 처리 중 오류 (https://n.news.naver.com/mnews/article/079/0004103655?sid=104): {'message': "Could not find the 'is_ai_generated' column of 'news_articles' in the schema cache", 'code': 'PGRST204', 'hint': None, 'details': None}
❌ 처리 중 오류 (https://n.news.naver.com/mnews/article/003/0013702628?sid=102): {'message': "Could not find the 'is_ai_generated' column of 'news_articles' in the schema cache", 'code': 'PGRST204', 'hint': None, 'details': None}
✅ [정치] 완료: 15개 처리

📰 [경제] 카테고리 수집 시작...
✅ 필터링 완료: 50개 -> 38개 신규 기사
❌ 처리 중 오류 (https://n.news.naver.com/mnews/article/001/0015838256?sid=101): {'message': "Could not find the 'is_ai_generated' column of 'news_articles' in the schema cache", 'code': 'PGRST204', 'hint': None, 'details': None}
❌ 처리 중 오류 (https://n.news.naver.com/mnews/article/003/0013701113?sid=102): {'message': "Could not find the 'is_ai_generated' column of 'news_articles' in the schema cache", 'code': 'PGRST204', 'hint': None, 'details': None}
❌ 처리 중 오류 (https://n.news.naver.com/mnews/article/079/0004103523?sid=101): {'message': "Could not find the 'is_ai_generated' column of 'news_articles' in the schema cache", 'code': 'PGRST204', 'hint': None, 'details': None}
❌ 처리 중 오류 (https://n.news.naver.com/mnews/article/032/0003420493?sid=101): {'message': "Could not find the 'is_ai_generated' column of 'news_articles' in the schema cache", 'code': 'PGRST204', 'hint': None, 'details': None}
❌ 처리 중 오류 (https://n.news.naver.com/mnews/article/421/0008704625?sid=100): {'message': "Could not find the 'is_ai_generated' column of 'news_articles' in the schema cache", 'code': 'PGRST204', 'hint': None, 'details': None}
❌ 처리 중 오류 (https://n.news.naver.com/mnews/article/050/0000100754?sid=101): {'message': "Could not find the 'is_ai_generated' column of 'news_articles' in the schema cache", 'code': 'PGRST204', 'hint': None, 'details': None}
❌ 처리 중 오류 (https://n.news.naver.com/mnews/article/366/0001135215?sid=101): {'message': "Could not find the 'is_ai_generated' column of 'news_articles' in the schema cache", 'code': 'PGRST204', 'hint': None, 'details': None}
❌ 처리 중 오류 (https://n.news.naver.com/mnews/article/008/0005302566?sid=101): {'message': "Could not find the 'is_ai_generated' column of 'news_articles' in the schema cache", 'code': 'PGRST204', 'hint': None, 'details': None}
❌ 처리 중 오류 (https://n.news.naver.com/mnews/article/082/0001361978?sid=101): {'message': "Could not find the 'is_ai_generated' column of 'news_articles' in the schema cache", 'code': 'PGRST204', 'hint': None, 'details': None}
❌ 처리 중 오류 (https://n.news.naver.com/mnews/article/003/0013702256?sid=100): {'message': "Could not find the 'is_ai_generated' column of 'news_articles' in the schema cache", 'code': 'PGRST204', 'hint': None, 'details': None}
✅ [경제] 완료: 10개 처리

📰 [사회] 카테고리 수집 시작...
✅ 필터링 완료: 50개 -> 40개 신규 기사
❌ 처리 중 오류 (https://n.news.naver.com/mnews/article/001/0015839664?sid=104): {'message': "Could not find the 'is_ai_generated' column of 'news_articles' in the schema cache", 'code': 'PGRST204', 'hint': None, 'details': None}
❌ 처리 중 오류 (https://n.news.naver.com/mnews/article/021/0002762778?sid=104): {'message': "Could not find the 'is_ai_generated' column of 'news_articles' in the schema cache", 'code': 'PGRST204', 'hint': None, 'details': None}
❌ 처리 중 오류 (https://n.news.naver.com/mnews/article/015/0005234856?sid=102): {'message': "Could not find the 'is_ai_generated' column of 'news_articles' in the schema cache", 'code': 'PGRST204', 'hint': None, 'details': None}
❌ 처리 중 오류 (https://n.news.naver.com/mnews/article/047/0002501018?sid=102): {'message': "Could not find the 'is_ai_generated' column of 'news_articles' in the schema cache", 'code': 'PGRST204', 'hint': None, 'details': None}
❌ 처리 중 오류 (https://n.news.naver.com/mnews/article/243/0000090987?sid=101): {'message': "Could not find the 'is_ai_generated' column of 'news_articles' in the schema cache", 'code': 'PGRST204', 'hint': None, 'details': None}
❌ 처리 중 오류 (https://n.news.naver.com/mnews/article/022/0004096486?sid=103): {'message': "Could not find the 'is_ai_generated' column of 'news_articles' in the schema cache", 'code': 'PGRST204', 'hint': None, 'details': None}
❌ 처리 중 오류 (https://n.news.naver.com/mnews/article/052/0002298751?sid=104): {'message': "Could not find the 'is_ai_generated' column of 'news_articles' in the schema cache", 'code': 'PGRST204', 'hint': None, 'details': None}
❌ 처리 중 오류 (https://n.news.naver.com/mnews/article/448/0000582697?sid=104): {'message': "Could not find the 'is_ai_generated' column of 'news_articles' in the schema cache", 'code': 'PGRST204', 'hint': None, 'details': None}
❌ 처리 중 오류 (https://n.news.naver.com/mnews/article/001/0015839065?sid=100): {'message': "Could not find the 'is_ai_generated' column of 'news_articles' in the schema cache", 'code': 'PGRST204', 'hint': None, 'details': None}
❌ 처리 중 오류 (https://n.news.naver.com/mnews/article/001/0015839056?sid=102): {'message': "Could not find the 'is_ai_generated' column of 'news_articles' in the schema cache", 'code': 'PGRST204', 'hint': None, 'details': None}
✅ [사회] 완료: 10개 처리

📰 [국제] 카테고리 수집 시작...
✅ 필터링 완료: 50개 -> 27개 신규 기사
❌ 처리 중 오류 (https://n.news.naver.com/mnews/article/001/0015839243?sid=102): {'message': "Could not find the 'is_ai_generated' column of 'news_articles' in the schema cache", 'code': 'PGRST204', 'hint': None, 'details': None}
❌ 처리 중 오류 (https://n.news.naver.com/mnews/article/025/0003495714?sid=102): {'message': "Could not find the 'is_ai_generated' column of 'news_articles' in the schema cache", 'code': 'PGRST204', 'hint': None, 'details': None}
❌ 처리 중 오류 (https://n.news.naver.com/mnews/article/277/0005704802?sid=100): {'message': "Could not find the 'is_ai_generated' column of 'news_articles' in the schema cache", 'code': 'PGRST204', 'hint': None, 'details': None}
❌ 처리 중 오류 (https://n.news.naver.com/mnews/article/001/0015838318?sid=101): {'message': "Could not find the 'is_ai_generated' column of 'news_articles' in the schema cache", 'code': 'PGRST204', 'hint': None, 'details': None}
❌ 처리 중 오류 (https://n.news.naver.com/mnews/article/055/0001322727?sid=104): {'message': "Could not find the 'is_ai_generated' column of 'news_articles' in the schema cache", 'code': 'PGRST204', 'hint': None, 'details': None}
✅ [국제] 완료: 5개 처리

📰 [스포츠] 카테고리 수집 시작...
✅ 필터링 완료: 50개 -> 31개 신규 기사
❌ 처리 중 오류 (https://n.news.naver.com/mnews/article/003/0013702632?sid=101): {'message': "Could not find the 'is_ai_generated' column of 'news_articles' in the schema cache", 'code': 'PGRST204', 'hint': None, 'details': None}
❌ 처리 중 오류 (https://n.news.naver.com/mnews/article/001/0015837694?sid=101): {'message': "Could not find the 'is_ai_generated' column of 'news_articles' in the schema cache", 'code': 'PGRST204', 'hint': None, 'details': None}
❌ 처리 중 오류 (https://n.news.naver.com/mnews/article/421/0008704566?sid=101): {'message': "Could not find the 'is_ai_generated' column of 'news_articles' in the schema cache", 'code': 'PGRST204', 'hint': None, 'details': None}
❌ 처리 중 오류 (https://game.donga.com/121011/): {'message': "Could not find the 'is_ai_generated' column of 'news_articles' in the schema cache", 'code': 'PGRST204', 'hint': None, 'details': None}
❌ 처리 중 오류 (https://n.news.naver.com/mnews/article/008/0005302468?sid=101): {'message': "Could not find the 'is_ai_generated' column of 'news_articles' in the schema cache", 'code': 'PGRST204', 'hint': None, 'details': None}
✅ [스포츠] 완료: 5개 처리

📰 [IT과학] 카테고리 수집 시작...
✅ 필터링 완료: 50개 -> 39개 신규 기사
❌ 처리 중 오류 (https://n.news.naver.com/mnews/article/003/0013694334?sid=105): {'message': "Could not find the 'is_ai_generated' column of 'news_articles' in the schema cache", 'code': 'PGRST204', 'hint': None, 'details': None}
❌ 처리 중 오류 (https://n.news.naver.com/mnews/article/029/0003003816?sid=105): {'message': "Could not find the 'is_ai_generated' column of 'news_articles' in the schema cache", 'code': 'PGRST204', 'hint': None, 'details': None}
❌ 처리 중 오류 (https://n.news.naver.com/mnews/article/008/0005301490?sid=102): {'message': "Could not find the 'is_ai_generated' column of 'news_articles' in the schema cache", 'code': 'PGRST204', 'hint': None, 'details': None}
❌ 처리 중 오류 (https://n.news.naver.com/mnews/article/011/0004575799?sid=105): {'message': "Could not find the 'is_ai_generated' column of 'news_articles' in the schema cache", 'code': 'PGRST204', 'hint': None, 'details': None}
❌ 처리 중 오류 (https://n.news.naver.com/mnews/article/421/0008695275?sid=105): {'message': "Could not find the 'is_ai_generated' column of 'news_articles' in the schema cache", 'code': 'PGRST204', 'hint': None, 'details': None}
✅ [IT과학] 완료: 5개 처리

📰 [연예] 카테고리 수집 시작...
✅ 필터링 완료: 50개 -> 42개 신규 기사
❌ 처리 중 오류 (https://n.news.naver.com/mnews/article/023/0003952139?sid=103): {'message': "Could not find the 'is_ai_generated' column of 'news_articles' in the schema cache", 'code': 'PGRST204', 'hint': None, 'details': None}
❌ 처리 중 오류 (https://n.news.naver.com/mnews/article/025/0003495703?sid=102): {'message': "Could not find the 'is_ai_generated' column of 'news_articles' in the schema cache", 'code': 'PGRST204', 'hint': None, 'details': None}
❌ 처리 중 오류 (https://m.entertain.naver.com/article/003/0013703014): {'message': "Could not find the 'is_ai_generated' column of 'news_articles' in the schema cache", 'code': 'PGRST204', 'hint': None, 'details': None}
❌ 처리 중 오류 (https://m.entertain.naver.com/article/079/0004103730): {'message': "Could not find the 'is_ai_generated' column of 'news_articles' in the schema cache", 'code': 'PGRST204', 'hint': None, 'details': None}
❌ 처리 중 오류 (https://n.news.naver.com/mnews/article/277/0005704889?sid=105): {'message': "Could not find the 'is_ai_generated' column of 'news_articles' in the schema cache", 'code': 'PGRST204', 'hint': None, 'details': None}
✅ [연예] 완료: 5개 처리

🎉 전체 작업 완료: 총 0개 기사 저장
🚀 작업 시작: 2026-01-11 06:59:32.146404

📰 [정치] 카테고리 수집 시작...
✅ 필터링 완료: 50개 -> 32개 신규 기사
❌ 처리 중 오류 (https://n.news.naver.com/mnews/article/052/0002298804?sid=100): {'message': "Could not find the 'is_ai_generated' column of 'news_articles' in the schema cache", 'code': 'PGRST204', 'hint': None, 'details': None}
❌ 처리 중 오류 (https://n.news.naver.com/mnews/article/469/0000908180?sid=100): {'message': "Could not find the 'is_ai_generated' column of 'news_articles' in the schema cache", 'code': 'PGRST204', 'hint': None, 'details': None}
❌ 처리 중 오류 (https://n.news.naver.com/mnews/article/022/0004096544?sid=100): {'message': "Could not find the 'is_ai_generated' column of 'news_articles' in the schema cache", 'code': 'PGRST204', 'hint': None, 'details': None}
❌ 처리 중 오류 (https://n.news.naver.com/mnews/article/023/0003952178?sid=101): {'message': "Could not find the 'is_ai_generated' column of 'news_articles' in the schema cache", 'code': 'PGRST204', 'hint': None, 'details': None}
❌ 처리 중 오류 (https://n.news.naver.com/mnews/article/001/0015839718?sid=104): {'message': "Could not find the 'is_ai_generated' column of 'news_articles' in the schema cache", 'code': 'PGRST204', 'hint': None, 'details': None}
❌ 처리 중 오류 (https://n.news.naver.com/mnews/article/055/0001322886?sid=100): {'message': "Could not find the 'is_ai_generated' column of 'news_articles' in the schema cache", 'code': 'PGRST204', 'hint': None, 'details': None}
❌ 처리 중 오류 (https://n.news.naver.com/mnews/article/003/0013702628?sid=102): {'message': "Could not find the 'is_ai_generated' column of 'news_articles' in the schema cache", 'code': 'PGRST204', 'hint': None, 'details': None}
❌ 처리 중 오류 (https://n.news.naver.com/mnews/article/021/0002762773?sid=100): {'message': "Could not find the 'is_ai_generated' column of 'news_articles' in the schema cache", 'code': 'PGRST204', 'hint': None, 'details': None}
❌ 처리 중 오류 (https://n.news.naver.com/mnews/article/262/0000019071?sid=102): {'message': "Could not find the 'is_ai_generated' column of 'news_articles' in the schema cache", 'code': 'PGRST204', 'hint': None, 'details': None}
❌ 처리 중 오류 (https://n.news.naver.com/mnews/article/052/0002298847?sid=100): {'message': "Could not find the 'is_ai_generated' column of 'news_articles' in the schema cache", 'code': 'PGRST204', 'hint': None, 'details': None}
❌ 처리 중 오류 (https://n.news.naver.com/mnews/article/023/0003952032?sid=103): {'message': "Could not find the 'is_ai_generated' column of 'news_articles' in the schema cache", 'code': 'PGRST204', 'hint': None, 'details': None}
❌ 처리 중 오류 (https://n.news.naver.com/mnews/article/003/0013701365?sid=100): {'message': "Could not find the 'is_ai_generated' column of 'news_articles' in the schema cache", 'code': 'PGRST204', 'hint': None, 'details': None}
❌ 처리 중 오류 (https://n.news.naver.com/mnews/article/214/0001473357?sid=104): {'message': "Could not find the 'is_ai_generated' column of 'news_articles' in the schema cache", 'code': 'PGRST204', 'hint': None, 'details': None}
❌ 처리 중 오류 (https://n.news.naver.com/mnews/article/417/0001123842?sid=102): {'message': "Could not find the 'is_ai_generated' column of 'news_articles' in the schema cache", 'code': 'PGRST204', 'hint': None, 'details': None}
❌ 처리 중 오류 (https://n.news.naver.com/mnews/article/079/0004103655?sid=104): {'message': "Could not find the 'is_ai_generated' column of 'news_articles' in the schema cache", 'code': 'PGRST204', 'hint': None, 'details': None}
✅ [정치] 완료: 15개 처리

📰 [경제] 카테고리 수집 시작...
✅ 필터링 완료: 50개 -> 39개 신규 기사
❌ 처리 중 오류 (https://n.news.naver.com/mnews/article/001/0015838256?sid=101): {'message': "Could not find the 'is_ai_generated' column of 'news_articles' in the schema cache", 'code': 'PGRST204', 'hint': None, 'details': None}
❌ 처리 중 오류 (https://n.news.naver.com/mnews/article/003/0013701113?sid=102): {'message': "Could not find the 'is_ai_generated' column of 'news_articles' in the schema cache", 'code': 'PGRST204', 'hint': None, 'details': None}
❌ 처리 중 오류 (https://n.news.naver.com/mnews/article/079/0004103523?sid=101): {'message': "Could not find the 'is_ai_generated' column of 'news_articles' in the schema cache", 'code': 'PGRST204', 'hint': None, 'details': None}
❌ 처리 중 오류 (https://n.news.naver.com/mnews/article/032/0003420493?sid=101): {'message': "Could not find the 'is_ai_generated' column of 'news_articles' in the schema cache", 'code': 'PGRST204', 'hint': None, 'details': None}
❌ 처리 중 오류 (https://n.news.naver.com/mnews/article/421/0008704625?sid=100): {'message': "Could not find the 'is_ai_generated' column of 'news_articles' in the schema cache", 'code': 'PGRST204', 'hint': None, 'details': None}
❌ 처리 중 오류 (https://n.news.naver.com/mnews/article/050/0000100754?sid=101): {'message': "Could not find the 'is_ai_generated' column of 'news_articles' in the schema cache", 'code': 'PGRST204', 'hint': None, 'details': None}
❌ 처리 중 오류 (https://n.news.naver.com/mnews/article/366/0001135215?sid=101): {'message': "Could not find the 'is_ai_generated' column of 'news_articles' in the schema cache", 'code': 'PGRST204', 'hint': None, 'details': None}
❌ 처리 중 오류 (https://n.news.naver.com/mnews/article/008/0005302566?sid=101): {'message': "Could not find the 'is_ai_generated' column of 'news_articles' in the schema cache", 'code': 'PGRST204', 'hint': None, 'details': None}
❌ 처리 중 오류 (https://n.news.naver.com/mnews/article/082/0001361978?sid=101): {'message': "Could not find the 'is_ai_generated' column of 'news_articles' in the schema cache", 'code': 'PGRST204', 'hint': None, 'details': None}
❌ 처리 중 오류 (https://n.news.naver.com/mnews/article/003/0013702256?sid=100): {'message': "Could not find the 'is_ai_generated' column of 'news_articles' in the schema cache", 'code': 'PGRST204', 'hint': None, 'details': None}
✅ [경제] 완료: 10개 처리

📰 [사회] 카테고리 수집 시작...
✅ 필터링 완료: 50개 -> 40개 신규 기사
❌ 처리 중 오류 (https://n.news.naver.com/mnews/article/001/0015839664?sid=104): {'message': "Could not find the 'is_ai_generated' column of 'news_articles' in the schema cache", 'code': 'PGRST204', 'hint': None, 'details': None}
❌ 처리 중 오류 (https://n.news.naver.com/mnews/article/021/0002762778?sid=104): {'message': "Could not find the 'is_ai_generated' column of 'news_articles' in the schema cache", 'code': 'PGRST204', 'hint': None, 'details': None}
❌ 처리 중 오류 (https://n.news.naver.com/mnews/article/015/0005234856?sid=102): {'message': "Could not find the 'is_ai_generated' column of 'news_articles' in the schema cache", 'code': 'PGRST204', 'hint': None, 'details': None}
❌ 처리 중 오류 (https://n.news.naver.com/mnews/article/047/0002501018?sid=102): {'message': "Could not find the 'is_ai_generated' column of 'news_articles' in the schema cache", 'code': 'PGRST204', 'hint': None, 'details': None}
❌ 처리 중 오류 (https://n.news.naver.com/mnews/article/243/0000090987?sid=101): {'message': "Could not find the 'is_ai_generated' column of 'news_articles' in the schema cache", 'code': 'PGRST204', 'hint': None, 'details': None}
❌ 처리 중 오류 (https://n.news.naver.com/mnews/article/022/0004096486?sid=103): {'message': "Could not find the 'is_ai_generated' column of 'news_articles' in the schema cache", 'code': 'PGRST204', 'hint': None, 'details': None}
❌ 처리 중 오류 (https://n.news.naver.com/mnews/article/052/0002298751?sid=104): {'message': "Could not find the 'is_ai_generated' column of 'news_articles' in the schema cache", 'code': 'PGRST204', 'hint': None, 'details': None}
❌ 처리 중 오류 (https://n.news.naver.com/mnews/article/448/0000582697?sid=104): {'message': "Could not find the 'is_ai_generated' column of 'news_articles' in the schema cache", 'code': 'PGRST204', 'hint': None, 'details': None}
❌ 처리 중 오류 (https://n.news.naver.com/mnews/article/001/0015839065?sid=100): {'message': "Could not find the 'is_ai_generated' column of 'news_articles' in the schema cache", 'code': 'PGRST204', 'hint': None, 'details': None}
❌ 처리 중 오류 (https://n.news.naver.com/mnews/article/001/0015839056?sid=102): {'message': "Could not find the 'is_ai_generated' column of 'news_articles' in the schema cache", 'code': 'PGRST204', 'hint': None, 'details': None}
✅ [사회] 완료: 10개 처리

📰 [국제] 카테고리 수집 시작...
✅ 필터링 완료: 50개 -> 27개 신규 기사
❌ 처리 중 오류 (https://n.news.naver.com/mnews/article/001/0015839243?sid=102): {'message': "Could not find the 'is_ai_generated' column of 'news_articles' in the schema cache", 'code': 'PGRST204', 'hint': None, 'details': None}
❌ 처리 중 오류 (https://n.news.naver.com/mnews/article/025/0003495714?sid=102): {'message': "Could not find the 'is_ai_generated' column of 'news_articles' in the schema cache", 'code': 'PGRST204', 'hint': None, 'details': None}
❌ 처리 중 오류 (https://n.news.naver.com/mnews/article/277/0005704802?sid=100): {'message': "Could not find the 'is_ai_generated' column of 'news_articles' in the schema cache", 'code': 'PGRST204', 'hint': None, 'details': None}
❌ 처리 중 오류 (https://n.news.naver.com/mnews/article/001/0015838318?sid=101): {'message': "Could not find the 'is_ai_generated' column of 'news_articles' in the schema cache", 'code': 'PGRST204', 'hint': None, 'details': None}
❌ 처리 중 오류 (https://n.news.naver.com/mnews/article/055/0001322727?sid=104): {'message': "Could not find the 'is_ai_generated' column of 'news_articles' in the schema cache", 'code': 'PGRST204', 'hint': None, 'details': None}
✅ [국제] 완료: 5개 처리

📰 [스포츠] 카테고리 수집 시작...
✅ 필터링 완료: 50개 -> 31개 신규 기사
❌ 처리 중 오류 (https://n.news.naver.com/mnews/article/003/0013702632?sid=101): {'message': "Could not find the 'is_ai_generated' column of 'news_articles' in the schema cache", 'code': 'PGRST204', 'hint': None, 'details': None}
❌ 처리 중 오류 (https://n.news.naver.com/mnews/article/001/0015837694?sid=101): {'message': "Could not find the 'is_ai_generated' column of 'news_articles' in the schema cache", 'code': 'PGRST204', 'hint': None, 'details': None}
❌ 처리 중 오류 (https://n.news.naver.com/mnews/article/421/0008704566?sid=101): {'message': "Could not find the 'is_ai_generated' column of 'news_articles' in the schema cache", 'code': 'PGRST204', 'hint': None, 'details': None}
❌ 처리 중 오류 (https://game.donga.com/121011/): {'message': "Could not find the 'is_ai_generated' column of 'news_articles' in the schema cache", 'code': 'PGRST204', 'hint': None, 'details': None}
❌ 처리 중 오류 (https://n.news.naver.com/mnews/article/008/0005302468?sid=101): {'message': "Could not find the 'is_ai_generated' column of 'news_articles' in the schema cache", 'code': 'PGRST204', 'hint': None, 'details': None}
✅ [스포츠] 완료: 5개 처리

📰 [IT과학] 카테고리 수집 시작...
✅ 필터링 완료: 50개 -> 39개 신규 기사
❌ 처리 중 오류 (https://n.news.naver.com/mnews/article/003/0013694334?sid=105): {'message': "Could not find the 'is_ai_generated' column of 'news_articles' in the schema cache", 'code': 'PGRST204', 'hint': None, 'details': None}
❌ 처리 중 오류 (https://n.news.naver.com/mnews/article/029/0003003816?sid=105): {'message': "Could not find the 'is_ai_generated' column of 'news_articles' in the schema cache", 'code': 'PGRST204', 'hint': None, 'details': None}
❌ 처리 중 오류 (https://n.news.naver.com/mnews/article/008/0005301490?sid=102): {'message': "Could not find the 'is_ai_generated' column of 'news_articles' in the schema cache", 'code': 'PGRST204', 'hint': None, 'details': None}
❌ 처리 중 오류 (https://n.news.naver.com/mnews/article/011/0004575799?sid=105): {'message': "Could not find the 'is_ai_generated' column of 'news_articles' in the schema cache", 'code': 'PGRST204', 'hint': None, 'details': None}
❌ 처리 중 오류 (https://n.news.naver.com/mnews/article/421/0008695275?sid=105): {'message': "Could not find the 'is_ai_generated' column of 'news_articles' in the schema cache", 'code': 'PGRST204', 'hint': None, 'details': None}
✅ [IT과학] 완료: 5개 처리

📰 [연예] 카테고리 수집 시작...
✅ 필터링 완료: 50개 -> 42개 신규 기사
❌ 처리 중 오류 (https://n.news.naver.com/mnews/article/023/0003952139?sid=103): {'message': "Could not find the 'is_ai_generated' column of 'news_articles' in the schema cache", 'code': 'PGRST204', 'hint': None, 'details': None}
❌ 처리 중 오류 (https://n.news.naver.com/mnews/article/025/0003495703?sid=102): {'message': "Could not find the 'is_ai_generated' column of 'news_articles' in the schema cache", 'code': 'PGRST204', 'hint': None, 'details': None}
❌ 처리 중 오류 (https://m.entertain.naver.com/article/003/0013703014): {'message': "Could not find the 'is_ai_generated' column of 'news_articles' in the schema cache", 'code': 'PGRST204', 'hint': None, 'details': None}
❌ 처리 중 오류 (https://m.entertain.naver.com/article/079/0004103730): {'message': "Could not find the 'is_ai_generated' column of 'news_articles' in the schema cache", 'code': 'PGRST204', 'hint': None, 'details': None}
❌ 처리 중 오류 (https://n.news.naver.com/mnews/article/277/0005704889?sid=105): {'message': "Could not find the 'is_ai_generated' column of 'news_articles' in the schema cache", 'code': 'PGRST204', 'hint': None, 'details': None}
✅ [연예] 완료: 5개 처리

🎉 전체 작업 완료: 총 0개 기사 저장
🚀 작업 시작: 2026-01-11 07:29:32.095589

📰 [정치] 카테고리 수집 시작...
✅ 필터링 완료: 50개 -> 31개 신규 기사
❌ 처리 중 오류 (https://n.news.naver.com/mnews/article/052/0002298804?sid=100): {'message': "Could not find the 'is_ai_generated' column of 'news_articles' in the schema cache", 'code': 'PGRST204', 'hint': None, 'details': None}
❌ 처리 중 오류 (https://n.news.naver.com/mnews/article/469/0000908180?sid=100): {'message': "Could not find the 'is_ai_generated' column of 'news_articles' in the schema cache", 'code': 'PGRST204', 'hint': None, 'details': None}
❌ 처리 중 오류 (https://n.news.naver.com/mnews/article/022/0004096544?sid=100): {'message': "Could not find the 'is_ai_generated' column of 'news_articles' in the schema cache", 'code': 'PGRST204', 'hint': None, 'details': None}
❌ 처리 중 오류 (https://n.news.naver.com/mnews/article/023/0003952178?sid=101): {'message': "Could not find the 'is_ai_generated' column of 'news_articles' in the schema cache", 'code': 'PGRST204', 'hint': None, 'details': None}
❌ 처리 중 오류 (https://n.news.naver.com/mnews/article/001/0015839718?sid=104): {'message': "Could not find the 'is_ai_generated' column of 'news_articles' in the schema cache", 'code': 'PGRST204', 'hint': None, 'details': None}
❌ 처리 중 오류 (https://n.news.naver.com/mnews/article/055/0001322886?sid=100): {'message': "Could not find the 'is_ai_generated' column of 'news_articles' in the schema cache", 'code': 'PGRST204', 'hint': None, 'details': None}
❌ 처리 중 오류 (https://n.news.naver.com/mnews/article/003/0013702628?sid=102): {'message': "Could not find the 'is_ai_generated' column of 'news_articles' in the schema cache", 'code': 'PGRST204', 'hint': None, 'details': None}
❌ 처리 중 오류 (https://n.news.naver.com/mnews/article/021/0002762773?sid=100): {'message': "Could not find the 'is_ai_generated' column of 'news_articles' in the schema cache", 'code': 'PGRST204', 'hint': None, 'details': None}
❌ 처리 중 오류 (https://n.news.naver.com/mnews/article/052/0002298847?sid=100): {'message': "Could not find the 'is_ai_generated' column of 'news_articles' in the schema cache", 'code': 'PGRST204', 'hint': None, 'details': None}
❌ 처리 중 오류 (https://n.news.naver.com/mnews/article/023/0003952032?sid=103): {'message': "Could not find the 'is_ai_generated' column of 'news_articles' in the schema cache", 'code': 'PGRST204', 'hint': None, 'details': None}
❌ 처리 중 오류 (https://n.news.naver.com/mnews/article/003/0013701365?sid=100): {'message': "Could not find the 'is_ai_generated' column of 'news_articles' in the schema cache", 'code': 'PGRST204', 'hint': None, 'details': None}
❌ 처리 중 오류 (https://n.news.naver.com/mnews/article/214/0001473357?sid=104): {'message': "Could not find the 'is_ai_generated' column of 'news_articles' in the schema cache", 'code': 'PGRST204', 'hint': None, 'details': None}
❌ 처리 중 오류 (https://n.news.naver.com/mnews/article/417/0001123842?sid=102): {'message': "Could not find the 'is_ai_generated' column of 'news_articles' in the schema cache", 'code': 'PGRST204', 'hint': None, 'details': None}
❌ 처리 중 오류 (https://n.news.naver.com/mnews/article/079/0004103655?sid=104): {'message': "Could not find the 'is_ai_generated' column of 'news_articles' in the schema cache", 'code': 'PGRST204', 'hint': None, 'details': None}
❌ 처리 중 오류 (https://n.news.naver.com/mnews/article/009/0005619063?sid=100): {'message': "Could not find the 'is_ai_generated' column of 'news_articles' in the schema cache", 'code': 'PGRST204', 'hint': None, 'details': None}
✅ [정치] 완료: 15개 처리

📰 [경제] 카테고리 수집 시작...
✅ 필터링 완료: 50개 -> 40개 신규 기사
❌ 처리 중 오류 (https://n.news.naver.com/mnews/article/001/0015838256?sid=101): {'message': "Could not find the 'is_ai_generated' column of 'news_articles' in the schema cache", 'code': 'PGRST204', 'hint': None, 'details': None}
❌ 처리 중 오류 (https://n.news.naver.com/mnews/article/003/0013701113?sid=102): {'message': "Could not find the 'is_ai_generated' column of 'news_articles' in the schema cache", 'code': 'PGRST204', 'hint': None, 'details': None}
❌ 처리 중 오류 (https://n.news.naver.com/mnews/article/079/0004103523?sid=101): {'message': "Could not find the 'is_ai_generated' column of 'news_articles' in the schema cache", 'code': 'PGRST204', 'hint': None, 'details': None}
❌ 처리 중 오류 (https://n.news.naver.com/mnews/article/032/0003420493?sid=101): {'message': "Could not find the 'is_ai_generated' column of 'news_articles' in the schema cache", 'code': 'PGRST204', 'hint': None, 'details': None}
❌ 처리 중 오류 (https://n.news.naver.com/mnews/article/421/0008704625?sid=100): {'message': "Could not find the 'is_ai_generated' column of 'news_articles' in the schema cache", 'code': 'PGRST204', 'hint': None, 'details': None}
❌ 처리 중 오류 (https://n.news.naver.com/mnews/article/050/0000100754?sid=101): {'message': "Could not find the 'is_ai_generated' column of 'news_articles' in the schema cache", 'code': 'PGRST204', 'hint': None, 'details': None}
❌ 처리 중 오류 (https://n.news.naver.com/mnews/article/366/0001135215?sid=101): {'message': "Could not find the 'is_ai_generated' column of 'news_articles' in the schema cache", 'code': 'PGRST204', 'hint': None, 'details': None}
❌ 처리 중 오류 (https://n.news.naver.com/mnews/article/008/0005302566?sid=101): {'message': "Could not find the 'is_ai_generated' column of 'news_articles' in the schema cache", 'code': 'PGRST204', 'hint': None, 'details': None}
❌ 처리 중 오류 (https://n.news.naver.com/mnews/article/082/0001361978?sid=101): {'message': "Could not find the 'is_ai_generated' column of 'news_articles' in the schema cache", 'code': 'PGRST204', 'hint': None, 'details': None}
❌ 처리 중 오류 (https://n.news.naver.com/mnews/article/003/0013702256?sid=100): {'message': "Could not find the 'is_ai_generated' column of 'news_articles' in the schema cache", 'code': 'PGRST204', 'hint': None, 'details': None}
✅ [경제] 완료: 10개 처리

📰 [사회] 카테고리 수집 시작...
✅ 필터링 완료: 50개 -> 39개 신규 기사
❌ 처리 중 오류 (https://n.news.naver.com/mnews/article/001/0015839664?sid=104): {'message': "Could not find the 'is_ai_generated' column of 'news_articles' in the schema cache", 'code': 'PGRST204', 'hint': None, 'details': None}
❌ 처리 중 오류 (https://n.news.naver.com/mnews/article/021/0002762778?sid=104): {'message': "Could not find the 'is_ai_generated' column of 'news_articles' in the schema cache", 'code': 'PGRST204', 'hint': None, 'details': None}
❌ 처리 중 오류 (https://n.news.naver.com/mnews/article/015/0005234856?sid=102): {'message': "Could not find the 'is_ai_generated' column of 'news_articles' in the schema cache", 'code': 'PGRST204', 'hint': None, 'details': None}
❌ 처리 중 오류 (https://n.news.naver.com/mnews/article/047/0002501018?sid=102): {'message': "Could not find the 'is_ai_generated' column of 'news_articles' in the schema cache", 'code': 'PGRST204', 'hint': None, 'details': None}
❌ 처리 중 오류 (https://n.news.naver.com/mnews/article/243/0000090987?sid=101): {'message': "Could not find the 'is_ai_generated' column of 'news_articles' in the schema cache", 'code': 'PGRST204', 'hint': None, 'details': None}
❌ 처리 중 오류 (https://n.news.naver.com/mnews/article/022/0004096486?sid=103): {'message': "Could not find the 'is_ai_generated' column of 'news_articles' in the schema cache", 'code': 'PGRST204', 'hint': None, 'details': None}
❌ 처리 중 오류 (https://n.news.naver.com/mnews/article/052/0002298751?sid=104): {'message': "Could not find the 'is_ai_generated' column of 'news_articles' in the schema cache", 'code': 'PGRST204', 'hint': None, 'details': None}
❌ 처리 중 오류 (https://n.news.naver.com/mnews/article/448/0000582697?sid=104): {'message': "Could not find the 'is_ai_generated' column of 'news_articles' in the schema cache", 'code': 'PGRST204', 'hint': None, 'details': None}
❌ 처리 중 오류 (https://n.news.naver.com/mnews/article/001/0015839065?sid=100): {'message': "Could not find the 'is_ai_generated' column of 'news_articles' in the schema cache", 'code': 'PGRST204', 'hint': None, 'details': None}
❌ 처리 중 오류 (https://n.news.naver.com/mnews/article/001/0015839056?sid=102): {'message': "Could not find the 'is_ai_generated' column of 'news_articles' in the schema cache", 'code': 'PGRST204', 'hint': None, 'details': None}
✅ [사회] 완료: 10개 처리

📰 [국제] 카테고리 수집 시작...
✅ 필터링 완료: 50개 -> 28개 신규 기사
❌ 처리 중 오류 (https://n.news.naver.com/mnews/article/001/0015839243?sid=102): {'message': "Could not find the 'is_ai_generated' column of 'news_articles' in the schema cache", 'code': 'PGRST204', 'hint': None, 'details': None}
❌ 처리 중 오류 (https://n.news.naver.com/mnews/article/025/0003495714?sid=102): {'message': "Could not find the 'is_ai_generated' column of 'news_articles' in the schema cache", 'code': 'PGRST204', 'hint': None, 'details': None}
❌ 처리 중 오류 (https://n.news.naver.com/mnews/article/277/0005704802?sid=100): {'message': "Could not find the 'is_ai_generated' column of 'news_articles' in the schema cache", 'code': 'PGRST204', 'hint': None, 'details': None}
❌ 처리 중 오류 (https://n.news.naver.com/mnews/article/001/0015838318?sid=101): {'message': "Could not find the 'is_ai_generated' column of 'news_articles' in the schema cache", 'code': 'PGRST204', 'hint': None, 'details': None}
❌ 처리 중 오류 (https://n.news.naver.com/mnews/article/055/0001322727?sid=104): {'message': "Could not find the 'is_ai_generated' column of 'news_articles' in the schema cache", 'code': 'PGRST204', 'hint': None, 'details': None}
✅ [국제] 완료: 5개 처리

📰 [스포츠] 카테고리 수집 시작...
✅ 필터링 완료: 50개 -> 32개 신규 기사
❌ 처리 중 오류 (https://n.news.naver.com/mnews/article/003/0013702632?sid=101): {'message': "Could not find the 'is_ai_generated' column of 'news_articles' in the schema cache", 'code': 'PGRST204', 'hint': None, 'details': None}
❌ 처리 중 오류 (https://n.news.naver.com/mnews/article/001/0015837694?sid=101): {'message': "Could not find the 'is_ai_generated' column of 'news_articles' in the schema cache", 'code': 'PGRST204', 'hint': None, 'details': None}
❌ 처리 중 오류 (https://n.news.naver.com/mnews/article/421/0008704566?sid=101): {'message': "Could not find the 'is_ai_generated' column of 'news_articles' in the schema cache", 'code': 'PGRST204', 'hint': None, 'details': None}
❌ 처리 중 오류 (https://game.donga.com/121011/): {'message': "Could not find the 'is_ai_generated' column of 'news_articles' in the schema cache", 'code': 'PGRST204', 'hint': None, 'details': None}
❌ 처리 중 오류 (https://n.news.naver.com/mnews/article/008/0005302468?sid=101): {'message': "Could not find the 'is_ai_generated' column of 'news_articles' in the schema cache", 'code': 'PGRST204', 'hint': None, 'details': None}
✅ [스포츠] 완료: 5개 처리

📰 [IT과학] 카테고리 수집 시작...
✅ 필터링 완료: 50개 -> 39개 신규 기사
❌ 처리 중 오류 (https://n.news.naver.com/mnews/article/003/0013694334?sid=105): {'message': "Could not find the 'is_ai_generated' column of 'news_articles' in the schema cache", 'code': 'PGRST204', 'hint': None, 'details': None}
❌ 처리 중 오류 (https://n.news.naver.com/mnews/article/029/0003003816?sid=105): {'message': "Could not find the 'is_ai_generated' column of 'news_articles' in the schema cache", 'code': 'PGRST204', 'hint': None, 'details': None}
❌ 처리 중 오류 (https://n.news.naver.com/mnews/article/008/0005301490?sid=102): {'message': "Could not find the 'is_ai_generated' column of 'news_articles' in the schema cache", 'code': 'PGRST204', 'hint': None, 'details': None}
❌ 처리 중 오류 (https://n.news.naver.com/mnews/article/011/0004575799?sid=105): {'message': "Could not find the 'is_ai_generated' column of 'news_articles' in the schema cache", 'code': 'PGRST204', 'hint': None, 'details': None}
❌ 처리 중 오류 (https://n.news.naver.com/mnews/article/421/0008695275?sid=105): {'message': "Could not find the 'is_ai_generated' column of 'news_articles' in the schema cache", 'code': 'PGRST204', 'hint': None, 'details': None}
✅ [IT과학] 완료: 5개 처리

📰 [연예] 카테고리 수집 시작...
✅ 필터링 완료: 50개 -> 42개 신규 기사
❌ 처리 중 오류 (https://n.news.naver.com/mnews/article/023/0003952139?sid=103): {'message': "Could not find the 'is_ai_generated' column of 'news_articles' in the schema cache", 'code': 'PGRST204', 'hint': None, 'details': None}
❌ 처리 중 오류 (https://n.news.naver.com/mnews/article/025/0003495703?sid=102): {'message': "Could not find the 'is_ai_generated' column of 'news_articles' in the schema cache", 'code': 'PGRST204', 'hint': None, 'details': None}
❌ 처리 중 오류 (https://m.entertain.naver.com/article/003/0013703014): {'message': "Could not find the 'is_ai_generated' column of 'news_articles' in the schema cache", 'code': 'PGRST204', 'hint': None, 'details': None}
❌ 처리 중 오류 (https://m.entertain.naver.com/article/079/0004103730): {'message': "Could not find the 'is_ai_generated' column of 'news_articles' in the schema cache", 'code': 'PGRST204', 'hint': None, 'details': None}
❌ 처리 중 오류 (https://n.news.naver.com/mnews/article/277/0005704889?sid=105): {'message': "Could not find the 'is_ai_generated' column of 'news_articles' in the schema cache", 'code': 'PGRST204', 'hint': None, 'details': None}
✅ [연예] 완료: 5개 처리

🎉 전체 작업 완료: 총 0개 기사 저장
🚀 작업 시작: 2026-01-11 07:59:32.159020

📰 [정치] 카테고리 수집 시작...
✅ 필터링 완료: 50개 -> 32개 신규 기사
❌ 처리 중 오류 (https://n.news.naver.com/mnews/article/052/0002298804?sid=100): {'message': "Could not find the 'is_ai_generated' column of 'news_articles' in the schema cache", 'code': 'PGRST204', 'hint': None, 'details': None}
❌ 처리 중 오류 (https://n.news.naver.com/mnews/article/469/0000908180?sid=100): {'message': "Could not find the 'is_ai_generated' column of 'news_articles' in the schema cache", 'code': 'PGRST204', 'hint': None, 'details': None}
❌ 처리 중 오류 (https://n.news.naver.com/mnews/article/022/0004096544?sid=100): {'message': "Could not find the 'is_ai_generated' column of 'news_articles' in the schema cache", 'code': 'PGRST204', 'hint': None, 'details': None}
❌ 처리 중 오류 (https://n.news.naver.com/mnews/article/023/0003952178?sid=101): {'message': "Could not find the 'is_ai_generated' column of 'news_articles' in the schema cache", 'code': 'PGRST204', 'hint': None, 'details': None}
❌ 처리 중 오류 (https://n.news.naver.com/mnews/article/001/0015839718?sid=104): {'message': "Could not find the 'is_ai_generated' column of 'news_articles' in the schema cache", 'code': 'PGRST204', 'hint': None, 'details': None}
❌ 처리 중 오류 (https://n.news.naver.com/mnews/article/055/0001322886?sid=100): {'message': "Could not find the 'is_ai_generated' column of 'news_articles' in the schema cache", 'code': 'PGRST204', 'hint': None, 'details': None}
❌ 처리 중 오류 (https://n.news.naver.com/mnews/article/003/0013702628?sid=102): {'message': "Could not find the 'is_ai_generated' column of 'news_articles' in the schema cache", 'code': 'PGRST204', 'hint': None, 'details': None}
❌ 처리 중 오류 (https://n.news.naver.com/mnews/article/021/0002762773?sid=100): {'message': "Could not find the 'is_ai_generated' column of 'news_articles' in the schema cache", 'code': 'PGRST204', 'hint': None, 'details': None}
❌ 처리 중 오류 (https://n.news.naver.com/mnews/article/052/0002298847?sid=100): {'message': "Could not find the 'is_ai_generated' column of 'news_articles' in the schema cache", 'code': 'PGRST204', 'hint': None, 'details': None}
❌ 처리 중 오류 (https://n.news.naver.com/mnews/article/023/0003952032?sid=103): {'message': "Could not find the 'is_ai_generated' column of 'news_articles' in the schema cache", 'code': 'PGRST204', 'hint': None, 'details': None}
❌ 처리 중 오류 (https://n.news.naver.com/mnews/article/003/0013701365?sid=100): {'message': "Could not find the 'is_ai_generated' column of 'news_articles' in the schema cache", 'code': 'PGRST204', 'hint': None, 'details': None}
❌ 처리 중 오류 (https://n.news.naver.com/mnews/article/001/0015839779?sid=102): {'message': "Could not find the 'is_ai_generated' column of 'news_articles' in the schema cache", 'code': 'PGRST204', 'hint': None, 'details': None}
❌ 처리 중 오류 (https://n.news.naver.com/mnews/article/214/0001473357?sid=104): {'message': "Could not find the 'is_ai_generated' column of 'news_articles' in the schema cache", 'code': 'PGRST204', 'hint': None, 'details': None}
❌ 처리 중 오류 (https://n.news.naver.com/mnews/article/417/0001123842?sid=102): {'message': "Could not find the 'is_ai_generated' column of 'news_articles' in the schema cache", 'code': 'PGRST204', 'hint': None, 'details': None}
❌ 처리 중 오류 (https://n.news.naver.com/mnews/article/079/0004103655?sid=104): {'message': "Could not find the 'is_ai_generated' column of 'news_articles' in the schema cache", 'code': 'PGRST204', 'hint': None, 'details': None}
✅ [정치] 완료: 15개 처리

📰 [경제] 카테고리 수집 시작...
✅ 필터링 완료: 50개 -> 40개 신규 기사
❌ 처리 중 오류 (https://n.news.naver.com/mnews/article/001/0015838256?sid=101): {'message': "Could not find the 'is_ai_generated' column of 'news_articles' in the schema cache", 'code': 'PGRST204', 'hint': None, 'details': None}
❌ 처리 중 오류 (https://n.news.naver.com/mnews/article/003/0013701113?sid=102): {'message': "Could not find the 'is_ai_generated' column of 'news_articles' in the schema cache", 'code': 'PGRST204', 'hint': None, 'details': None}
❌ 처리 중 오류 (https://n.news.naver.com/mnews/article/079/0004103523?sid=101): {'message': "Could not find the 'is_ai_generated' column of 'news_articles' in the schema cache", 'code': 'PGRST204', 'hint': None, 'details': None}
❌ 처리 중 오류 (https://n.news.naver.com/mnews/article/032/0003420493?sid=101): {'message': "Could not find the 'is_ai_generated' column of 'news_articles' in the schema cache", 'code': 'PGRST204', 'hint': None, 'details': None}
❌ 처리 중 오류 (https://n.news.naver.com/mnews/article/421/0008704625?sid=100): {'message': "Could not find the 'is_ai_generated' column of 'news_articles' in the schema cache", 'code': 'PGRST204', 'hint': None, 'details': None}
❌ 처리 중 오류 (https://n.news.naver.com/mnews/article/050/0000100754?sid=101): {'message': "Could not find the 'is_ai_generated' column of 'news_articles' in the schema cache", 'code': 'PGRST204', 'hint': None, 'details': None}
❌ 처리 중 오류 (https://n.news.naver.com/mnews/article/366/0001135215?sid=101): {'message': "Could not find the 'is_ai_generated' column of 'news_articles' in the schema cache", 'code': 'PGRST204', 'hint': None, 'details': None}
❌ 처리 중 오류 (https://n.news.naver.com/mnews/article/008/0005302566?sid=101): {'message': "Could not find the 'is_ai_generated' column of 'news_articles' in the schema cache", 'code': 'PGRST204', 'hint': None, 'details': None}
❌ 처리 중 오류 (https://n.news.naver.com/mnews/article/082/0001361978?sid=101): {'message': "Could not find the 'is_ai_generated' column of 'news_articles' in the schema cache", 'code': 'PGRST204', 'hint': None, 'details': None}
❌ 처리 중 오류 (https://n.news.naver.com/mnews/article/003/0013702256?sid=100): {'message': "Could not find the 'is_ai_generated' column of 'news_articles' in the schema cache", 'code': 'PGRST204', 'hint': None, 'details': None}
✅ [경제] 완료: 10개 처리

📰 [사회] 카테고리 수집 시작...
✅ 필터링 완료: 50개 -> 39개 신규 기사
❌ 처리 중 오류 (https://n.news.naver.com/mnews/article/001/0015839664?sid=104): {'message': "Could not find the 'is_ai_generated' column of 'news_articles' in the schema cache", 'code': 'PGRST204', 'hint': None, 'details': None}
❌ 처리 중 오류 (https://n.news.naver.com/mnews/article/021/0002762778?sid=104): {'message': "Could not find the 'is_ai_generated' column of 'news_articles' in the schema cache", 'code': 'PGRST204', 'hint': None, 'details': None}
❌ 처리 중 오류 (https://n.news.naver.com/mnews/article/015/0005234856?sid=102): {'message': "Could not find the 'is_ai_generated' column of 'news_articles' in the schema cache", 'code': 'PGRST204', 'hint': None, 'details': None}
❌ 처리 중 오류 (https://n.news.naver.com/mnews/article/047/0002501018?sid=102): {'message': "Could not find the 'is_ai_generated' column of 'news_articles' in the schema cache", 'code': 'PGRST204', 'hint': None, 'details': None}
❌ 처리 중 오류 (https://n.news.naver.com/mnews/article/243/0000090987?sid=101): {'message': "Could not find the 'is_ai_generated' column of 'news_articles' in the schema cache", 'code': 'PGRST204', 'hint': None, 'details': None}
❌ 처리 중 오류 (https://n.news.naver.com/mnews/article/022/0004096486?sid=103): {'message': "Could not find the 'is_ai_generated' column of 'news_articles' in the schema cache", 'code': 'PGRST204', 'hint': None, 'details': None}
❌ 처리 중 오류 (https://n.news.naver.com/mnews/article/052/0002298751?sid=104): {'message': "Could not find the 'is_ai_generated' column of 'news_articles' in the schema cache", 'code': 'PGRST204', 'hint': None, 'details': None}
❌ 처리 중 오류 (https://n.news.naver.com/mnews/article/448/0000582697?sid=104): {'message': "Could not find the 'is_ai_generated' column of 'news_articles' in the schema cache", 'code': 'PGRST204', 'hint': None, 'details': None}
❌ 처리 중 오류 (https://n.news.naver.com/mnews/article/001/0015839065?sid=100): {'message': "Could not find the 'is_ai_generated' column of 'news_articles' in the schema cache", 'code': 'PGRST204', 'hint': None, 'details': None}
❌ 처리 중 오류 (https://n.news.naver.com/mnews/article/001/0015839056?sid=102): {'message': "Could not find the 'is_ai_generated' column of 'news_articles' in the schema cache", 'code': 'PGRST204', 'hint': None, 'details': None}
✅ [사회] 완료: 10개 처리

📰 [국제] 카테고리 수집 시작...
✅ 필터링 완료: 50개 -> 28개 신규 기사
❌ 처리 중 오류 (https://n.news.naver.com/mnews/article/001/0015839243?sid=102): {'message': "Could not find the 'is_ai_generated' column of 'news_articles' in the schema cache", 'code': 'PGRST204', 'hint': None, 'details': None}
❌ 처리 중 오류 (https://n.news.naver.com/mnews/article/025/0003495714?sid=102): {'message': "Could not find the 'is_ai_generated' column of 'news_articles' in the schema cache", 'code': 'PGRST204', 'hint': None, 'details': None}
❌ 처리 중 오류 (https://n.news.naver.com/mnews/article/277/0005704802?sid=100): {'message': "Could not find the 'is_ai_generated' column of 'news_articles' in the schema cache", 'code': 'PGRST204', 'hint': None, 'details': None}
❌ 처리 중 오류 (https://n.news.naver.com/mnews/article/001/0015838318?sid=101): {'message': "Could not find the 'is_ai_generated' column of 'news_articles' in the schema cache", 'code': 'PGRST204', 'hint': None, 'details': None}
❌ 처리 중 오류 (https://n.news.naver.com/mnews/article/055/0001322727?sid=104): {'message': "Could not find the 'is_ai_generated' column of 'news_articles' in the schema cache", 'code': 'PGRST204', 'hint': None, 'details': None}
✅ [국제] 완료: 5개 처리

📰 [스포츠] 카테고리 수집 시작...
✅ 필터링 완료: 50개 -> 32개 신규 기사
❌ 처리 중 오류 (https://n.news.naver.com/mnews/article/293/0000077619?sid=105): {'message': "Could not find the 'is_ai_generated' column of 'news_articles' in the schema cache", 'code': 'PGRST204', 'hint': None, 'details': None}
❌ 처리 중 오류 (https://n.news.naver.com/mnews/article/003/0013702632?sid=101): {'message': "Could not find the 'is_ai_generated' column of 'news_articles' in the schema cache", 'code': 'PGRST204', 'hint': None, 'details': None}
❌ 처리 중 오류 (https://n.news.naver.com/mnews/article/001/0015837694?sid=101): {'message': "Could not find the 'is_ai_generated' column of 'news_articles' in the schema cache", 'code': 'PGRST204', 'hint': None, 'details': None}
❌ 처리 중 오류 (https://n.news.naver.com/mnews/article/421/0008704566?sid=101): {'message': "Could not find the 'is_ai_generated' column of 'news_articles' in the schema cache", 'code': 'PGRST204', 'hint': None, 'details': None}
❌ 처리 중 오류 (https://game.donga.com/121011/): {'message': "Could not find the 'is_ai_generated' column of 'news_articles' in the schema cache", 'code': 'PGRST204', 'hint': None, 'details': None}
✅ [스포츠] 완료: 5개 처리

📰 [IT과학] 카테고리 수집 시작...
✅ 필터링 완료: 50개 -> 39개 신규 기사
❌ 처리 중 오류 (https://n.news.naver.com/mnews/article/003/0013694334?sid=105): {'message': "Could not find the 'is_ai_generated' column of 'news_articles' in the schema cache", 'code': 'PGRST204', 'hint': None, 'details': None}
❌ 처리 중 오류 (https://n.news.naver.com/mnews/article/029/0003003816?sid=105): {'message': "Could not find the 'is_ai_generated' column of 'news_articles' in the schema cache", 'code': 'PGRST204', 'hint': None, 'details': None}
❌ 처리 중 오류 (https://n.news.naver.com/mnews/article/008/0005301490?sid=102): {'message': "Could not find the 'is_ai_generated' column of 'news_articles' in the schema cache", 'code': 'PGRST204', 'hint': None, 'details': None}
❌ 처리 중 오류 (https://n.news.naver.com/mnews/article/011/0004575799?sid=105): {'message': "Could not find the 'is_ai_generated' column of 'news_articles' in the schema cache", 'code': 'PGRST204', 'hint': None, 'details': None}
❌ 처리 중 오류 (https://n.news.naver.com/mnews/article/421/0008695275?sid=105): {'message': "Could not find the 'is_ai_generated' column of 'news_articles' in the schema cache", 'code': 'PGRST204', 'hint': None, 'details': None}
✅ [IT과학] 완료: 5개 처리

📰 [연예] 카테고리 수집 시작...
✅ 필터링 완료: 50개 -> 42개 신규 기사
❌ 처리 중 오류 (https://n.news.naver.com/mnews/article/023/0003952139?sid=103): {'message': "Could not find the 'is_ai_generated' column of 'news_articles' in the schema cache", 'code': 'PGRST204', 'hint': None, 'details': None}
❌ 처리 중 오류 (https://n.news.naver.com/mnews/article/025/0003495703?sid=102): {'message': "Could not find the 'is_ai_generated' column of 'news_articles' in the schema cache", 'code': 'PGRST204', 'hint': None, 'details': None}
❌ 처리 중 오류 (https://n.news.naver.com/mnews/article/052/0002298898?sid=101): {'message': "Could not find the 'is_ai_generated' column of 'news_articles' in the schema cache", 'code': 'PGRST204', 'hint': None, 'details': None}
❌ 처리 중 오류 (https://m.entertain.naver.com/article/003/0013703014): {'message': "Could not find the 'is_ai_generated' column of 'news_articles' in the schema cache", 'code': 'PGRST204', 'hint': None, 'details': None}
❌ 처리 중 오류 (https://m.entertain.naver.com/article/079/0004103730): {'message': "Could not find the 'is_ai_generated' column of 'news_articles' in the schema cache", 'code': 'PGRST204', 'hint': None, 'details': None}
✅ [연예] 완료: 5개 처리

🎉 전체 작업 완료: 총 0개 기사 저장
🚀 작업 시작: 2026-01-11 08:29:32.124834

📰 [정치] 카테고리 수집 시작...
✅ 필터링 완료: 50개 -> 32개 신규 기사
❌ 처리 중 오류 (https://n.news.naver.com/mnews/article/052/0002298804?sid=100): {'message': "Could not find the 'is_ai_generated' column of 'news_articles' in the schema cache", 'code': 'PGRST204', 'hint': None, 'details': None}
❌ 처리 중 오류 (https://n.news.naver.com/mnews/article/469/0000908180?sid=100): {'message': "Could not find the 'is_ai_generated' column of 'news_articles' in the schema cache", 'code': 'PGRST204', 'hint': None, 'details': None}
❌ 처리 중 오류 (https://n.news.naver.com/mnews/article/022/0004096544?sid=100): {'message': "Could not find the 'is_ai_generated' column of 'news_articles' in the schema cache", 'code': 'PGRST204', 'hint': None, 'details': None}
❌ 처리 중 오류 (https://n.news.naver.com/mnews/article/023/0003952178?sid=101): {'message': "Could not find the 'is_ai_generated' column of 'news_articles' in the schema cache", 'code': 'PGRST204', 'hint': None, 'details': None}
❌ 처리 중 오류 (https://n.news.naver.com/mnews/article/001/0015839718?sid=104): {'message': "Could not find the 'is_ai_generated' column of 'news_articles' in the schema cache", 'code': 'PGRST204', 'hint': None, 'details': None}
❌ 처리 중 오류 (https://n.news.naver.com/mnews/article/002/0002422630?sid=100): {'message': "Could not find the 'is_ai_generated' column of 'news_articles' in the schema cache", 'code': 'PGRST204', 'hint': None, 'details': None}
❌ 처리 중 오류 (https://n.news.naver.com/mnews/article/055/0001322886?sid=100): {'message': "Could not find the 'is_ai_generated' column of 'news_articles' in the schema cache", 'code': 'PGRST204', 'hint': None, 'details': None}
❌ 처리 중 오류 (https://n.news.naver.com/mnews/article/003/0013702628?sid=102): {'message': "Could not find the 'is_ai_generated' column of 'news_articles' in the schema cache", 'code': 'PGRST204', 'hint': None, 'details': None}
❌ 처리 중 오류 (https://n.news.naver.com/mnews/article/021/0002762773?sid=100): {'message': "Could not find the 'is_ai_generated' column of 'news_articles' in the schema cache", 'code': 'PGRST204', 'hint': None, 'details': None}
❌ 처리 중 오류 (https://n.news.naver.com/mnews/article/052/0002298847?sid=100): {'message': "Could not find the 'is_ai_generated' column of 'news_articles' in the schema cache", 'code': 'PGRST204', 'hint': None, 'details': None}
❌ 처리 중 오류 (https://n.news.naver.com/mnews/article/023/0003952032?sid=103): {'message': "Could not find the 'is_ai_generated' column of 'news_articles' in the schema cache", 'code': 'PGRST204', 'hint': None, 'details': None}
❌ 처리 중 오류 (https://n.news.naver.com/mnews/article/003/0013701365?sid=100): {'message': "Could not find the 'is_ai_generated' column of 'news_articles' in the schema cache", 'code': 'PGRST204', 'hint': None, 'details': None}
❌ 처리 중 오류 (https://n.news.naver.com/mnews/article/001/0015839779?sid=102): {'message': "Could not find the 'is_ai_generated' column of 'news_articles' in the schema cache", 'code': 'PGRST204', 'hint': None, 'details': None}
❌ 처리 중 오류 (https://n.news.naver.com/mnews/article/214/0001473357?sid=104): {'message': "Could not find the 'is_ai_generated' column of 'news_articles' in the schema cache", 'code': 'PGRST204', 'hint': None, 'details': None}
❌ 처리 중 오류 (https://n.news.naver.com/mnews/article/417/0001123842?sid=102): {'message': "Could not find the 'is_ai_generated' column of 'news_articles' in the schema cache", 'code': 'PGRST204', 'hint': None, 'details': None}
✅ [정치] 완료: 15개 처리

📰 [경제] 카테고리 수집 시작...
✅ 필터링 완료: 50개 -> 40개 신규 기사
❌ 처리 중 오류 (https://n.news.naver.com/mnews/article/001/0015838256?sid=101): {'message': "Could not find the 'is_ai_generated' column of 'news_articles' in the schema cache", 'code': 'PGRST204', 'hint': None, 'details': None}
❌ 처리 중 오류 (https://n.news.naver.com/mnews/article/003/0013701113?sid=102): {'message': "Could not find the 'is_ai_generated' column of 'news_articles' in the schema cache", 'code': 'PGRST204', 'hint': None, 'details': None}
❌ 처리 중 오류 (https://n.news.naver.com/mnews/article/079/0004103523?sid=101): {'message': "Could not find the 'is_ai_generated' column of 'news_articles' in the schema cache", 'code': 'PGRST204', 'hint': None, 'details': None}
❌ 처리 중 오류 (https://n.news.naver.com/mnews/article/032/0003420493?sid=101): {'message': "Could not find the 'is_ai_generated' column of 'news_articles' in the schema cache", 'code': 'PGRST204', 'hint': None, 'details': None}
❌ 처리 중 오류 (https://n.news.naver.com/mnews/article/421/0008704625?sid=100): {'message': "Could not find the 'is_ai_generated' column of 'news_articles' in the schema cache", 'code': 'PGRST204', 'hint': None, 'details': None}
❌ 처리 중 오류 (https://n.news.naver.com/mnews/article/050/0000100754?sid=101): {'message': "Could not find the 'is_ai_generated' column of 'news_articles' in the schema cache", 'code': 'PGRST204', 'hint': None, 'details': None}
❌ 처리 중 오류 (https://n.news.naver.com/mnews/article/366/0001135215?sid=101): {'message': "Could not find the 'is_ai_generated' column of 'news_articles' in the schema cache", 'code': 'PGRST204', 'hint': None, 'details': None}
❌ 처리 중 오류 (https://n.news.naver.com/mnews/article/008/0005302566?sid=101): {'message': "Could not find the 'is_ai_generated' column of 'news_articles' in the schema cache", 'code': 'PGRST204', 'hint': None, 'details': None}
❌ 처리 중 오류 (https://n.news.naver.com/mnews/article/082/0001361978?sid=101): {'message': "Could not find the 'is_ai_generated' column of 'news_articles' in the schema cache", 'code': 'PGRST204', 'hint': None, 'details': None}
❌ 처리 중 오류 (https://n.news.naver.com/mnews/article/003/0013702256?sid=100): {'message': "Could not find the 'is_ai_generated' column of 'news_articles' in the schema cache", 'code': 'PGRST204', 'hint': None, 'details': None}
✅ [경제] 완료: 10개 처리

📰 [사회] 카테고리 수집 시작...
✅ 필터링 완료: 50개 -> 39개 신규 기사
❌ 처리 중 오류 (https://n.news.naver.com/mnews/article/001/0015839664?sid=104): {'message': "Could not find the 'is_ai_generated' column of 'news_articles' in the schema cache", 'code': 'PGRST204', 'hint': None, 'details': None}
❌ 처리 중 오류 (https://n.news.naver.com/mnews/article/021/0002762778?sid=104): {'message': "Could not find the 'is_ai_generated' column of 'news_articles' in the schema cache", 'code': 'PGRST204', 'hint': None, 'details': None}
❌ 처리 중 오류 (https://n.news.naver.com/mnews/article/015/0005234856?sid=102): {'message': "Could not find the 'is_ai_generated' column of 'news_articles' in the schema cache", 'code': 'PGRST204', 'hint': None, 'details': None}
❌ 처리 중 오류 (https://n.news.naver.com/mnews/article/022/0004096619?sid=101): {'message': "Could not find the 'is_ai_generated' column of 'news_articles' in the schema cache", 'code': 'PGRST204', 'hint': None, 'details': None}
❌ 처리 중 오류 (https://n.news.naver.com/mnews/article/047/0002501018?sid=102): {'message': "Could not find the 'is_ai_generated' column of 'news_articles' in the schema cache", 'code': 'PGRST204', 'hint': None, 'details': None}
❌ 처리 중 오류 (https://n.news.naver.com/mnews/article/243/0000090987?sid=101): {'message': "Could not find the 'is_ai_generated' column of 'news_articles' in the schema cache", 'code': 'PGRST204', 'hint': None, 'details': None}
❌ 처리 중 오류 (https://n.news.naver.com/mnews/article/052/0002298751?sid=104): {'message': "Could not find the 'is_ai_generated' column of 'news_articles' in the schema cache", 'code': 'PGRST204', 'hint': None, 'details': None}
❌ 처리 중 오류 (https://n.news.naver.com/mnews/article/448/0000582697?sid=104): {'message': "Could not find the 'is_ai_generated' column of 'news_articles' in the schema cache", 'code': 'PGRST204', 'hint': None, 'details': None}
❌ 처리 중 오류 (https://n.news.naver.com/mnews/article/001/0015839065?sid=100): {'message': "Could not find the 'is_ai_generated' column of 'news_articles' in the schema cache", 'code': 'PGRST204', 'hint': None, 'details': None}
❌ 처리 중 오류 (https://n.news.naver.com/mnews/article/001/0015839056?sid=102): {'message': "Could not find the 'is_ai_generated' column of 'news_articles' in the schema cache", 'code': 'PGRST204', 'hint': None, 'details': None}
✅ [사회] 완료: 10개 처리

📰 [국제] 카테고리 수집 시작...
✅ 필터링 완료: 50개 -> 28개 신규 기사
❌ 처리 중 오류 (https://n.news.naver.com/mnews/article/001/0015839243?sid=102): {'message': "Could not find the 'is_ai_generated' column of 'news_articles' in the schema cache", 'code': 'PGRST204', 'hint': None, 'details': None}
❌ 처리 중 오류 (https://n.news.naver.com/mnews/article/025/0003495714?sid=102): {'message': "Could not find the 'is_ai_generated' column of 'news_articles' in the schema cache", 'code': 'PGRST204', 'hint': None, 'details': None}
❌ 처리 중 오류 (https://n.news.naver.com/mnews/article/277/0005704802?sid=100): {'message': "Could not find the 'is_ai_generated' column of 'news_articles' in the schema cache", 'code': 'PGRST204', 'hint': None, 'details': None}
❌ 처리 중 오류 (https://n.news.naver.com/mnews/article/001/0015838318?sid=101): {'message': "Could not find the 'is_ai_generated' column of 'news_articles' in the schema cache", 'code': 'PGRST204', 'hint': None, 'details': None}
❌ 처리 중 오류 (https://n.news.naver.com/mnews/article/055/0001322727?sid=104): {'message': "Could not find the 'is_ai_generated' column of 'news_articles' in the schema cache", 'code': 'PGRST204', 'hint': None, 'details': None}
✅ [국제] 완료: 5개 처리

📰 [스포츠] 카테고리 수집 시작...
✅ 필터링 완료: 50개 -> 32개 신규 기사
❌ 처리 중 오류 (https://n.news.naver.com/mnews/article/293/0000077619?sid=105): {'message': "Could not find the 'is_ai_generated' column of 'news_articles' in the schema cache", 'code': 'PGRST204', 'hint': None, 'details': None}
❌ 처리 중 오류 (https://n.news.naver.com/mnews/article/003/0013702632?sid=101): {'message': "Could not find the 'is_ai_generated' column of 'news_articles' in the schema cache", 'code': 'PGRST204', 'hint': None, 'details': None}
❌ 처리 중 오류 (https://n.news.naver.com/mnews/article/001/0015837694?sid=101): {'message': "Could not find the 'is_ai_generated' column of 'news_articles' in the schema cache", 'code': 'PGRST204', 'hint': None, 'details': None}
❌ 처리 중 오류 (https://n.news.naver.com/mnews/article/421/0008704566?sid=101): {'message': "Could not find the 'is_ai_generated' column of 'news_articles' in the schema cache", 'code': 'PGRST204', 'hint': None, 'details': None}
❌ 처리 중 오류 (https://game.donga.com/121011/): {'message': "Could not find the 'is_ai_generated' column of 'news_articles' in the schema cache", 'code': 'PGRST204', 'hint': None, 'details': None}
✅ [스포츠] 완료: 5개 처리

📰 [IT과학] 카테고리 수집 시작...
✅ 필터링 완료: 50개 -> 39개 신규 기사
❌ 처리 중 오류 (https://n.news.naver.com/mnews/article/003/0013694334?sid=105): {'message': "Could not find the 'is_ai_generated' column of 'news_articles' in the schema cache", 'code': 'PGRST204', 'hint': None, 'details': None}
❌ 처리 중 오류 (https://n.news.naver.com/mnews/article/029/0003003816?sid=105): {'message': "Could not find the 'is_ai_generated' column of 'news_articles' in the schema cache", 'code': 'PGRST204', 'hint': None, 'details': None}
❌ 처리 중 오류 (https://n.news.naver.com/mnews/article/008/0005301490?sid=102): {'message': "Could not find the 'is_ai_generated' column of 'news_articles' in the schema cache", 'code': 'PGRST204', 'hint': None, 'details': None}
❌ 처리 중 오류 (https://n.news.naver.com/mnews/article/011/0004575799?sid=105): {'message': "Could not find the 'is_ai_generated' column of 'news_articles' in the schema cache", 'code': 'PGRST204', 'hint': None, 'details': None}
❌ 처리 중 오류 (https://n.news.naver.com/mnews/article/421/0008695275?sid=105): {'message': "Could not find the 'is_ai_generated' column of 'news_articles' in the schema cache", 'code': 'PGRST204', 'hint': None, 'details': None}
✅ [IT과학] 완료: 5개 처리

📰 [연예] 카테고리 수집 시작...
✅ 필터링 완료: 50개 -> 42개 신규 기사
❌ 처리 중 오류 (https://n.news.naver.com/mnews/article/023/0003952139?sid=103): {'message': "Could not find the 'is_ai_generated' column of 'news_articles' in the schema cache", 'code': 'PGRST204', 'hint': None, 'details': None}
❌ 처리 중 오류 (https://n.news.naver.com/mnews/article/025/0003495703?sid=102): {'message': "Could not find the 'is_ai_generated' column of 'news_articles' in the schema cache", 'code': 'PGRST204', 'hint': None, 'details': None}
❌ 처리 중 오류 (https://n.news.naver.com/mnews/article/052/0002298898?sid=101): {'message': "Could not find the 'is_ai_generated' column of 'news_articles' in the schema cache", 'code': 'PGRST204', 'hint': None, 'details': None}
❌ 처리 중 오류 (https://m.entertain.naver.com/article/003/0013703014): {'message': "Could not find the 'is_ai_generated' column of 'news_articles' in the schema cache", 'code': 'PGRST204', 'hint': None, 'details': None}
❌ 처리 중 오류 (https://m.entertain.naver.com/article/079/0004103730): {'message': "Could not find the 'is_ai_generated' column of 'news_articles' in the schema cache", 'code': 'PGRST204', 'hint': None, 'details': None}
✅ [연예] 완료: 5개 처리

🎉 전체 작업 완료: 총 0개 기사 저장
🚀 작업 시작: 2026-01-11 08:59:32.096235

📰 [정치] 카테고리 수집 시작...
✅ 필터링 완료: 50개 -> 33개 신규 기사
❌ 처리 중 오류 (https://n.news.naver.com/mnews/article/052/0002298804?sid=100): {'message': "Could not find the 'is_ai_generated' column of 'news_articles' in the schema cache", 'code': 'PGRST204', 'hint': None, 'details': None}
❌ 처리 중 오류 (https://n.news.naver.com/mnews/article/469/0000908180?sid=100): {'message': "Could not find the 'is_ai_generated' column of 'news_articles' in the schema cache", 'code': 'PGRST204', 'hint': None, 'details': None}
❌ 처리 중 오류 (https://n.news.naver.com/mnews/article/022/0004096544?sid=100): {'message': "Could not find the 'is_ai_generated' column of 'news_articles' in the schema cache", 'code': 'PGRST204', 'hint': None, 'details': None}
❌ 처리 중 오류 (https://n.news.naver.com/mnews/article/023/0003952178?sid=101): {'message': "Could not find the 'is_ai_generated' column of 'news_articles' in the schema cache", 'code': 'PGRST204', 'hint': None, 'details': None}
❌ 처리 중 오류 (https://n.news.naver.com/mnews/article/001/0015839718?sid=104): {'message': "Could not find the 'is_ai_generated' column of 'news_articles' in the schema cache", 'code': 'PGRST204', 'hint': None, 'details': None}
❌ 처리 중 오류 (https://n.news.naver.com/mnews/article/002/0002422630?sid=100): {'message': "Could not find the 'is_ai_generated' column of 'news_articles' in the schema cache", 'code': 'PGRST204', 'hint': None, 'details': None}
❌ 처리 중 오류 (https://n.news.naver.com/mnews/article/055/0001322886?sid=100): {'message': "Could not find the 'is_ai_generated' column of 'news_articles' in the schema cache", 'code': 'PGRST204', 'hint': None, 'details': None}
❌ 처리 중 오류 (https://n.news.naver.com/mnews/article/003/0013702628?sid=102): {'message': "Could not find the 'is_ai_generated' column of 'news_articles' in the schema cache", 'code': 'PGRST204', 'hint': None, 'details': None}
❌ 처리 중 오류 (https://n.news.naver.com/mnews/article/021/0002762773?sid=100): {'message': "Could not find the 'is_ai_generated' column of 'news_articles' in the schema cache", 'code': 'PGRST204', 'hint': None, 'details': None}
❌ 처리 중 오류 (https://n.news.naver.com/mnews/article/052/0002298847?sid=100): {'message': "Could not find the 'is_ai_generated' column of 'news_articles' in the schema cache", 'code': 'PGRST204', 'hint': None, 'details': None}
❌ 처리 중 오류 (https://n.news.naver.com/mnews/article/023/0003952032?sid=103): {'message': "Could not find the 'is_ai_generated' column of 'news_articles' in the schema cache", 'code': 'PGRST204', 'hint': None, 'details': None}
❌ 처리 중 오류 (https://n.news.naver.com/mnews/article/003/0013701365?sid=100): {'message': "Could not find the 'is_ai_generated' column of 'news_articles' in the schema cache", 'code': 'PGRST204', 'hint': None, 'details': None}
❌ 처리 중 오류 (https://n.news.naver.com/mnews/article/001/0015839779?sid=102): {'message': "Could not find the 'is_ai_generated' column of 'news_articles' in the schema cache", 'code': 'PGRST204', 'hint': None, 'details': None}
❌ 처리 중 오류 (https://n.news.naver.com/mnews/article/214/0001473357?sid=104): {'message': "Could not find the 'is_ai_generated' column of 'news_articles' in the schema cache", 'code': 'PGRST204', 'hint': None, 'details': None}
❌ 처리 중 오류 (https://n.news.naver.com/mnews/article/417/0001123842?sid=102): {'message': "Could not find the 'is_ai_generated' column of 'news_articles' in the schema cache", 'code': 'PGRST204', 'hint': None, 'details': None}
✅ [정치] 완료: 15개 처리

📰 [경제] 카테고리 수집 시작...
✅ 필터링 완료: 50개 -> 40개 신규 기사
❌ 처리 중 오류 (https://n.news.naver.com/mnews/article/001/0015838256?sid=101): {'message': "Could not find the 'is_ai_generated' column of 'news_articles' in the schema cache", 'code': 'PGRST204', 'hint': None, 'details': None}
❌ 처리 중 오류 (https://n.news.naver.com/mnews/article/003/0013701113?sid=102): {'message': "Could not find the 'is_ai_generated' column of 'news_articles' in the schema cache", 'code': 'PGRST204', 'hint': None, 'details': None}
❌ 처리 중 오류 (https://n.news.naver.com/mnews/article/079/0004103523?sid=101): {'message': "Could not find the 'is_ai_generated' column of 'news_articles' in the schema cache", 'code': 'PGRST204', 'hint': None, 'details': None}
❌ 처리 중 오류 (https://n.news.naver.com/mnews/article/032/0003420493?sid=101): {'message': "Could not find the 'is_ai_generated' column of 'news_articles' in the schema cache", 'code': 'PGRST204', 'hint': None, 'details': None}
❌ 처리 중 오류 (https://n.news.naver.com/mnews/article/421/0008704625?sid=100): {'message': "Could not find the 'is_ai_generated' column of 'news_articles' in the schema cache", 'code': 'PGRST204', 'hint': None, 'details': None}
❌ 처리 중 오류 (https://n.news.naver.com/mnews/article/050/0000100754?sid=101): {'message': "Could not find the 'is_ai_generated' column of 'news_articles' in the schema cache", 'code': 'PGRST204', 'hint': None, 'details': None}
❌ 처리 중 오류 (https://n.news.naver.com/mnews/article/366/0001135215?sid=101): {'message': "Could not find the 'is_ai_generated' column of 'news_articles' in the schema cache", 'code': 'PGRST204', 'hint': None, 'details': None}
❌ 처리 중 오류 (https://n.news.naver.com/mnews/article/008/0005302566?sid=101): {'message': "Could not find the 'is_ai_generated' column of 'news_articles' in the schema cache", 'code': 'PGRST204', 'hint': None, 'details': None}
❌ 처리 중 오류 (https://n.news.naver.com/mnews/article/082/0001361978?sid=101): {'message': "Could not find the 'is_ai_generated' column of 'news_articles' in the schema cache", 'code': 'PGRST204', 'hint': None, 'details': None}
❌ 처리 중 오류 (https://n.news.naver.com/mnews/article/003/0013702256?sid=100): {'message': "Could not find the 'is_ai_generated' column of 'news_articles' in the schema cache", 'code': 'PGRST204', 'hint': None, 'details': None}
✅ [경제] 완료: 10개 처리

📰 [사회] 카테고리 수집 시작...
✅ 필터링 완료: 50개 -> 39개 신규 기사
❌ 처리 중 오류 (https://n.news.naver.com/mnews/article/001/0015839664?sid=104): {'message': "Could not find the 'is_ai_generated' column of 'news_articles' in the schema cache", 'code': 'PGRST204', 'hint': None, 'details': None}
❌ 처리 중 오류 (https://n.news.naver.com/mnews/article/021/0002762778?sid=104): {'message': "Could not find the 'is_ai_generated' column of 'news_articles' in the schema cache", 'code': 'PGRST204', 'hint': None, 'details': None}
❌ 처리 중 오류 (https://n.news.naver.com/mnews/article/015/0005234856?sid=102): {'message': "Could not find the 'is_ai_generated' column of 'news_articles' in the schema cache", 'code': 'PGRST204', 'hint': None, 'details': None}
Run time of job "process_job (trigger: interval[0:30:00], next run at: 2026-01-11 10:59:32 KST)" was missed by 0:18:10.930490
Run time of job "process_job (trigger: interval[0:30:00], next run at: 2026-01-11 11:59:32 KST)" was missed by 0:18:17.848195
❌ 처리 중 오류 (https://n.news.naver.com/mnews/article/022/0004096619?sid=101): {'message': "Could not find the 'is_ai_generated' column of 'news_articles' in the schema cache", 'code': 'PGRST204', 'hint': None, 'details': None}
❌ 처리 중 오류 (https://n.news.naver.com/mnews/article/047/0002501018?sid=102): {'message': "Could not find the 'is_ai_generated' column of 'news_articles' in the schema cache", 'code': 'PGRST204', 'hint': None, 'details': None}
❌ 처리 중 오류 (https://n.news.naver.com/mnews/article/243/0000090987?sid=101): {'message': "Could not find the 'is_ai_generated' column of 'news_articles' in the schema cache", 'code': 'PGRST204', 'hint': None, 'details': None}
❌ 처리 중 오류 (https://n.news.naver.com/mnews/article/052/0002298751?sid=104): {'message': "Could not find the 'is_ai_generated' column of 'news_articles' in the schema cache", 'code': 'PGRST204', 'hint': None, 'details': None}
❌ 처리 중 오류 (https://n.news.naver.com/mnews/article/448/0000582697?sid=104): {'message': "Could not find the 'is_ai_generated' column of 'news_articles' in the schema cache", 'code': 'PGRST204', 'hint': None, 'details': None}
❌ 처리 중 오류 (https://n.news.naver.com/mnews/article/001/0015839065?sid=100): {'message': "Could not find the 'is_ai_generated' column of 'news_articles' in the schema cache", 'code': 'PGRST204', 'hint': None, 'details': None}
❌ 처리 중 오류 (https://n.news.naver.com/mnews/article/001/0015839056?sid=102): {'message': "Could not find the 'is_ai_generated' column of 'news_articles' in the schema cache", 'code': 'PGRST204', 'hint': None, 'details': None}
✅ [사회] 완료: 10개 처리

📰 [국제] 카테고리 수집 시작...
✅ 필터링 완료: 50개 -> 28개 신규 기사
❌ 처리 중 오류 (https://n.news.naver.com/mnews/article/001/0015839243?sid=102): {'message': "Could not find the 'is_ai_generated' column of 'news_articles' in the schema cache", 'code': 'PGRST204', 'hint': None, 'details': None}
❌ 처리 중 오류 (https://n.news.naver.com/mnews/article/025/0003495714?sid=102): {'message': "Could not find the 'is_ai_generated' column of 'news_articles' in the schema cache", 'code': 'PGRST204', 'hint': None, 'details': None}
❌ 처리 중 오류 (https://n.news.naver.com/mnews/article/277/0005704802?sid=100): {'message': "Could not find the 'is_ai_generated' column of 'news_articles' in the schema cache", 'code': 'PGRST204', 'hint': None, 'details': None}
❌ 처리 중 오류 (https://n.news.naver.com/mnews/article/001/0015838318?sid=101): {'message': "Could not find the 'is_ai_generated' column of 'news_articles' in the schema cache", 'code': 'PGRST204', 'hint': None, 'details': None}
❌ 처리 중 오류 (https://n.news.naver.com/mnews/article/055/0001322727?sid=104): {'message': "Could not find the 'is_ai_generated' column of 'news_articles' in the schema cache", 'code': 'PGRST204', 'hint': None, 'details': None}
✅ [국제] 완료: 5개 처리

📰 [스포츠] 카테고리 수집 시작...
✅ 필터링 완료: 50개 -> 32개 신규 기사
❌ 처리 중 오류 (https://n.news.naver.com/mnews/article/293/0000077619?sid=105): {'message': "Could not find the 'is_ai_generated' column of 'news_articles' in the schema cache", 'code': 'PGRST204', 'hint': None, 'details': None}
❌ 처리 중 오류 (https://n.news.naver.com/mnews/article/003/0013702632?sid=101): {'message': "Could not find the 'is_ai_generated' column of 'news_articles' in the schema cache", 'code': 'PGRST204', 'hint': None, 'details': None}
❌ 처리 중 오류 (https://n.news.naver.com/mnews/article/001/0015837694?sid=101): {'message': "Could not find the 'is_ai_generated' column of 'news_articles' in the schema cache", 'code': 'PGRST204', 'hint': None, 'details': None}
❌ 처리 중 오류 (https://n.news.naver.com/mnews/article/421/0008704566?sid=101): {'message': "Could not find the 'is_ai_generated' column of 'news_articles' in the schema cache", 'code': 'PGRST204', 'hint': None, 'details': None}
❌ 처리 중 오류 (https://game.donga.com/121011/): {'message': "Could not find the 'is_ai_generated' column of 'news_articles' in the schema cache", 'code': 'PGRST204', 'hint': None, 'details': None}
✅ [스포츠] 완료: 5개 처리

📰 [IT과학] 카테고리 수집 시작...
✅ 필터링 완료: 50개 -> 39개 신규 기사
❌ 처리 중 오류 (https://n.news.naver.com/mnews/article/003/0013694334?sid=105): {'message': "Could not find the 'is_ai_generated' column of 'news_articles' in the schema cache", 'code': 'PGRST204', 'hint': None, 'details': None}
❌ 처리 중 오류 (https://n.news.naver.com/mnews/article/029/0003003816?sid=105): {'message': "Could not find the 'is_ai_generated' column of 'news_articles' in the schema cache", 'code': 'PGRST204', 'hint': None, 'details': None}
❌ 처리 중 오류 (https://n.news.naver.com/mnews/article/008/0005301490?sid=102): {'message': "Could not find the 'is_ai_generated' column of 'news_articles' in the schema cache", 'code': 'PGRST204', 'hint': None, 'details': None}
❌ 처리 중 오류 (https://n.news.naver.com/mnews/article/011/0004575799?sid=105): {'message': "Could not find the 'is_ai_generated' column of 'news_articles' in the schema cache", 'code': 'PGRST204', 'hint': None, 'details': None}
❌ 처리 중 오류 (https://n.news.naver.com/mnews/article/421/0008695275?sid=105): {'message': "Could not find the 'is_ai_generated' column of 'news_articles' in the schema cache", 'code': 'PGRST204', 'hint': None, 'details': None}
✅ [IT과학] 완료: 5개 처리

📰 [연예] 카테고리 수집 시작...
✅ 필터링 완료: 50개 -> 42개 신규 기사
❌ 처리 중 오류 (https://n.news.naver.com/mnews/article/023/0003952139?sid=103): {'message': "Could not find the 'is_ai_generated' column of 'news_articles' in the schema cache", 'code': 'PGRST204', 'hint': None, 'details': None}
❌ 처리 중 오류 (https://n.news.naver.com/mnews/article/025/0003495703?sid=102): {'message': "Could not find the 'is_ai_generated' column of 'news_articles' in the schema cache", 'code': 'PGRST204', 'hint': None, 'details': None}
❌ 처리 중 오류 (https://n.news.naver.com/mnews/article/052/0002298898?sid=101): {'message': "Could not find the 'is_ai_generated' column of 'news_articles' in the schema cache", 'code': 'PGRST204', 'hint': None, 'details': None}
❌ 처리 중 오류 (https://m.entertain.naver.com/article/003/0013703014): {'message': "Could not find the 'is_ai_generated' column of 'news_articles' in the schema cache", 'code': 'PGRST204', 'hint': None, 'details': None}
❌ 처리 중 오류 (https://m.entertain.naver.com/article/079/0004103730): {'message': "Could not find the 'is_ai_generated' column of 'news_articles' in the schema cache", 'code': 'PGRST204', 'hint': None, 'details': None}
✅ [연예] 완료: 5개 처리

🎉 전체 작업 완료: 총 0개 기사 저장
🚀 작업 시작: 2026-01-11 11:59:32.094151

📰 [정치] 카테고리 수집 시작...
✅ 필터링 완료: 50개 -> 33개 신규 기사
❌ 처리 중 오류 (https://n.news.naver.com/mnews/article/052/0002298804?sid=100): {'message': "Could not find the 'is_ai_generated' column of 'news_articles' in the schema cache", 'code': 'PGRST204', 'hint': None, 'details': None}
❌ 처리 중 오류 (https://n.news.naver.com/mnews/article/469/0000908180?sid=100): {'message': "Could not find the 'is_ai_generated' column of 'news_articles' in the schema cache", 'code': 'PGRST204', 'hint': None, 'details': None}
❌ 처리 중 오류 (https://n.news.naver.com/mnews/article/001/0015839718?sid=104): {'message': "Could not find the 'is_ai_generated' column of 'news_articles' in the schema cache", 'code': 'PGRST204', 'hint': None, 'details': None}
❌ 처리 중 오류 (https://n.news.naver.com/mnews/article/022/0004096544?sid=100): {'message': "Could not find the 'is_ai_generated' column of 'news_articles' in the schema cache", 'code': 'PGRST204', 'hint': None, 'details': None}
❌ 처리 중 오류 (https://n.news.naver.com/mnews/article/023/0003952178?sid=101): {'message': "Could not find the 'is_ai_generated' column of 'news_articles' in the schema cache", 'code': 'PGRST204', 'hint': None, 'details': None}
❌ 처리 중 오류 (https://n.news.naver.com/mnews/article/002/0002422630?sid=100): {'message': "Could not find the 'is_ai_generated' column of 'news_articles' in the schema cache", 'code': 'PGRST204', 'hint': None, 'details': None}
❌ 처리 중 오류 (https://n.news.naver.com/mnews/article/055/0001322886?sid=100): {'message': "Could not find the 'is_ai_generated' column of 'news_articles' in the schema cache", 'code': 'PGRST204', 'hint': None, 'details': None}
❌ 처리 중 오류 (https://n.news.naver.com/mnews/article/003/0013702628?sid=102): {'message': "Could not find the 'is_ai_generated' column of 'news_articles' in the schema cache", 'code': 'PGRST204', 'hint': None, 'details': None}
❌ 처리 중 오류 (https://n.news.naver.com/mnews/article/052/0002298847?sid=100): {'message': "Could not find the 'is_ai_generated' column of 'news_articles' in the schema cache", 'code': 'PGRST204', 'hint': None, 'details': None}
❌ 처리 중 오류 (https://n.news.naver.com/mnews/article/023/0003952032?sid=103): {'message': "Could not find the 'is_ai_generated' column of 'news_articles' in the schema cache", 'code': 'PGRST204', 'hint': None, 'details': None}
❌ 처리 중 오류 (https://n.news.naver.com/mnews/article/003/0013701365?sid=100): {'message': "Could not find the 'is_ai_generated' column of 'news_articles' in the schema cache", 'code': 'PGRST204', 'hint': None, 'details': None}
❌ 처리 중 오류 (https://n.news.naver.com/mnews/article/001/0015839779?sid=102): {'message': "Could not find the 'is_ai_generated' column of 'news_articles' in the schema cache", 'code': 'PGRST204', 'hint': None, 'details': None}
❌ 처리 중 오류 (https://n.news.naver.com/mnews/article/214/0001473357?sid=104): {'message': "Could not find the 'is_ai_generated' column of 'news_articles' in the schema cache", 'code': 'PGRST204', 'hint': None, 'details': None}
❌ 처리 중 오류 (https://n.news.naver.com/mnews/article/088/0000991305?sid=100): {'message': "Could not find the 'is_ai_generated' column of 'news_articles' in the schema cache", 'code': 'PGRST204', 'hint': None, 'details': None}
❌ 처리 중 오류 (https://n.news.naver.com/mnews/article/417/0001123842?sid=102): {'message': "Could not find the 'is_ai_generated' column of 'news_articles' in the schema cache", 'code': 'PGRST204', 'hint': None, 'details': None}
✅ [정치] 완료: 15개 처리

📰 [경제] 카테고리 수집 시작...
✅ 필터링 완료: 50개 -> 40개 신규 기사
❌ 처리 중 오류 (https://n.news.naver.com/mnews/article/001/0015840017?sid=103): {'message': "Could not find the 'is_ai_generated' column of 'news_articles' in the schema cache", 'code': 'PGRST204', 'hint': None, 'details': None}
❌ 처리 중 오류 (https://n.news.naver.com/mnews/article/437/0000472909?sid=100): {'message': "Could not find the 'is_ai_generated' column of 'news_articles' in the schema cache", 'code': 'PGRST204', 'hint': None, 'details': None}
❌ 처리 중 오류 (https://n.news.naver.com/mnews/article/055/0001322947?sid=101): {'message': "Could not find the 'is_ai_generated' column of 'news_articles' in the schema cache", 'code': 'PGRST204', 'hint': None, 'details': None}
❌ 처리 중 오류 (https://n.news.naver.com/mnews/article/243/0000091004?sid=101): {'message': "Could not find the 'is_ai_generated' column of 'news_articles' in the schema cache", 'code': 'PGRST204', 'hint': None, 'details': None}
❌ 처리 중 오류 (https://n.news.naver.com/mnews/article/003/0013701113?sid=102): {'message': "Could not find the 'is_ai_generated' column of 'news_articles' in the schema cache", 'code': 'PGRST204', 'hint': None, 'details': None}
❌ 처리 중 오류 (https://n.news.naver.com/mnews/article/079/0004103523?sid=101): {'message': "Could not find the 'is_ai_generated' column of 'news_articles' in the schema cache", 'code': 'PGRST204', 'hint': None, 'details': None}
❌ 처리 중 오류 (https://n.news.naver.com/mnews/article/032/0003420493?sid=101): {'message': "Could not find the 'is_ai_generated' column of 'news_articles' in the schema cache", 'code': 'PGRST204', 'hint': None, 'details': None}
❌ 처리 중 오류 (https://n.news.naver.com/mnews/article/366/0001135215?sid=101): {'message': "Could not find the 'is_ai_generated' column of 'news_articles' in the schema cache", 'code': 'PGRST204', 'hint': None, 'details': None}
❌ 처리 중 오류 (https://n.news.naver.com/mnews/article/008/0005302566?sid=101): {'message': "Could not find the 'is_ai_generated' column of 'news_articles' in the schema cache", 'code': 'PGRST204', 'hint': None, 'details': None}
❌ 처리 중 오류 (https://n.news.naver.com/mnews/article/001/0015837420?sid=101): {'message': "Could not find the 'is_ai_generated' column of 'news_articles' in the schema cache", 'code': 'PGRST204', 'hint': None, 'details': None}
✅ [경제] 완료: 10개 처리

📰 [사회] 카테고리 수집 시작...
✅ 필터링 완료: 50개 -> 37개 신규 기사
❌ 처리 중 오류 (https://n.news.naver.com/mnews/article/001/0015839664?sid=104): {'message': "Could not find the 'is_ai_generated' column of 'news_articles' in the schema cache", 'code': 'PGRST204', 'hint': None, 'details': None}
❌ 처리 중 오류 (https://n.news.naver.com/mnews/article/021/0002762778?sid=104): {'message': "Could not find the 'is_ai_generated' column of 'news_articles' in the schema cache", 'code': 'PGRST204', 'hint': None, 'details': None}
❌ 처리 중 오류 (https://n.news.naver.com/mnews/article/015/0005234856?sid=102): {'message': "Could not find the 'is_ai_generated' column of 'news_articles' in the schema cache", 'code': 'PGRST204', 'hint': None, 'details': None}
❌ 처리 중 오류 (https://n.news.naver.com/mnews/article/421/0008706821?sid=102): {'message': "Could not find the 'is_ai_generated' column of 'news_articles' in the schema cache", 'code': 'PGRST204', 'hint': None, 'details': None}
❌ 처리 중 오류 (https://n.news.naver.com/mnews/article/243/0000090987?sid=101): {'message': "Could not find the 'is_ai_generated' column of 'news_articles' in the schema cache", 'code': 'PGRST204', 'hint': None, 'details': None}
❌ 처리 중 오류 (https://n.news.naver.com/mnews/article/022/0004096486?sid=103): {'message': "Could not find the 'is_ai_generated' column of 'news_articles' in the schema cache", 'code': 'PGRST204', 'hint': None, 'details': None}
❌ 처리 중 오류 (https://n.news.naver.com/mnews/article/001/0015839065?sid=100): {'message': "Could not find the 'is_ai_generated' column of 'news_articles' in the schema cache", 'code': 'PGRST204', 'hint': None, 'details': None}
❌ 처리 중 오류 (https://n.news.naver.com/mnews/article/001/0015839056?sid=102): {'message': "Could not find the 'is_ai_generated' column of 'news_articles' in the schema cache", 'code': 'PGRST204', 'hint': None, 'details': None}
❌ 처리 중 오류 (https://n.news.naver.com/mnews/article/001/0015839058?sid=102): {'message': "Could not find the 'is_ai_generated' column of 'news_articles' in the schema cache", 'code': 'PGRST204', 'hint': None, 'details': None}
❌ 처리 중 오류 (https://n.news.naver.com/mnews/article/022/0004096619?sid=101): {'message': "Could not find the 'is_ai_generated' column of 'news_articles' in the schema cache", 'code': 'PGRST204', 'hint': None, 'details': None}
✅ [사회] 완료: 10개 처리

📰 [국제] 카테고리 수집 시작...
✅ 필터링 완료: 50개 -> 28개 신규 기사
❌ 처리 중 오류 (https://n.news.naver.com/mnews/article/001/0015839243?sid=102): {'message': "Could not find the 'is_ai_generated' column of 'news_articles' in the schema cache", 'code': 'PGRST204', 'hint': None, 'details': None}
❌ 처리 중 오류 (https://n.news.naver.com/mnews/article/025/0003495714?sid=102): {'message': "Could not find the 'is_ai_generated' column of 'news_articles' in the schema cache", 'code': 'PGRST204', 'hint': None, 'details': None}
Run time of job "process_job (trigger: interval[0:30:00], next run at: 2026-01-11 13:59:32 KST)" was missed by 0:03:57.081859
Run time of job "process_job (trigger: interval[0:30:00], next run at: 2026-01-11 14:59:32 KST)" was missed by 0:09:35.136454
❌ 처리 중 오류 (https://n.news.naver.com/mnews/article/277/0005704802?sid=100): {'message': "Could not find the 'is_ai_generated' column of 'news_articles' in the schema cache", 'code': 'PGRST204', 'hint': None, 'details': None}
❌ 처리 중 오류 (https://n.news.naver.com/mnews/article/001/0015838318?sid=101): {'message': "Could not find the 'is_ai_generated' column of 'news_articles' in the schema cache", 'code': 'PGRST204', 'hint': None, 'details': None}
❌ 처리 중 오류 (https://n.news.naver.com/mnews/article/055/0001322727?sid=104): {'message': "Could not find the 'is_ai_generated' column of 'news_articles' in the schema cache", 'code': 'PGRST204', 'hint': None, 'details': None}
✅ [국제] 완료: 5개 처리

📰 [스포츠] 카테고리 수집 시작...
✅ 필터링 완료: 50개 -> 32개 신규 기사
❌ 처리 중 오류 (https://m.sports.naver.com/basketball/article/241/0003487927): {'message': "Could not find the 'is_ai_generated' column of 'news_articles' in the schema cache", 'code': 'PGRST204', 'hint': None, 'details': None}
❌ 처리 중 오류 (https://n.news.naver.com/mnews/article/293/0000077619?sid=105): {'message': "Could not find the 'is_ai_generated' column of 'news_articles' in the schema cache", 'code': 'PGRST204', 'hint': None, 'details': None}
❌ 처리 중 오류 (https://n.news.naver.com/mnews/article/003/0013702632?sid=101): {'message': "Could not find the 'is_ai_generated' column of 'news_articles' in the schema cache", 'code': 'PGRST204', 'hint': None, 'details': None}
❌ 처리 중 오류 (https://n.news.naver.com/mnews/article/001/0015837694?sid=101): {'message': "Could not find the 'is_ai_generated' column of 'news_articles' in the schema cache", 'code': 'PGRST204', 'hint': None, 'details': None}
❌ 처리 중 오류 (https://game.donga.com/121011/): {'message': "Could not find the 'is_ai_generated' column of 'news_articles' in the schema cache", 'code': 'PGRST204', 'hint': None, 'details': None}
✅ [스포츠] 완료: 5개 처리

📰 [IT과학] 카테고리 수집 시작...
✅ 필터링 완료: 50개 -> 39개 신규 기사
❌ 처리 중 오류 (https://n.news.naver.com/mnews/article/003/0013694334?sid=105): {'message': "Could not find the 'is_ai_generated' column of 'news_articles' in the schema cache", 'code': 'PGRST204', 'hint': None, 'details': None}
❌ 처리 중 오류 (https://n.news.naver.com/mnews/article/011/0004575799?sid=105): {'message': "Could not find the 'is_ai_generated' column of 'news_articles' in the schema cache", 'code': 'PGRST204', 'hint': None, 'details': None}
❌ 처리 중 오류 (https://n.news.naver.com/mnews/article/029/0003003816?sid=105): {'message': "Could not find the 'is_ai_generated' column of 'news_articles' in the schema cache", 'code': 'PGRST204', 'hint': None, 'details': None}
❌ 처리 중 오류 (https://n.news.naver.com/mnews/article/008/0005301490?sid=102): {'message': "Could not find the 'is_ai_generated' column of 'news_articles' in the schema cache", 'code': 'PGRST204', 'hint': None, 'details': None}
❌ 처리 중 오류 (https://n.news.naver.com/mnews/article/421/0008695275?sid=105): {'message': "Could not find the 'is_ai_generated' column of 'news_articles' in the schema cache", 'code': 'PGRST204', 'hint': None, 'details': None}
✅ [IT과학] 완료: 5개 처리

📰 [연예] 카테고리 수집 시작...
✅ 필터링 완료: 50개 -> 44개 신규 기사
❌ 처리 중 오류 (https://n.news.naver.com/mnews/article/023/0003952139?sid=103): {'message': "Could not find the 'is_ai_generated' column of 'news_articles' in the schema cache", 'code': 'PGRST204', 'hint': None, 'details': None}
❌ 처리 중 오류 (https://n.news.naver.com/mnews/article/025/0003495703?sid=102): {'message': "Could not find the 'is_ai_generated' column of 'news_articles' in the schema cache", 'code': 'PGRST204', 'hint': None, 'details': None}
❌ 처리 중 오류 (https://n.news.naver.com/mnews/article/052/0002298898?sid=101): {'message': "Could not find the 'is_ai_generated' column of 'news_articles' in the schema cache", 'code': 'PGRST204', 'hint': None, 'details': None}
❌ 처리 중 오류 (https://m.entertain.naver.com/article/003/0013703014): {'message': "Could not find the 'is_ai_generated' column of 'news_articles' in the schema cache", 'code': 'PGRST204', 'hint': None, 'details': None}
❌ 처리 중 오류 (https://m.entertain.naver.com/article/079/0004103730): {'message': "Could not find the 'is_ai_generated' column of 'news_articles' in the schema cache", 'code': 'PGRST204', 'hint': None, 'details': None}
✅ [연예] 완료: 5개 처리

🎉 전체 작업 완료: 총 0개 기사 저장
🚀 작업 시작: 2026-01-11 14:59:32.192644

📰 [정치] 카테고리 수집 시작...
✅ 필터링 완료: 50개 -> 32개 신규 기사
❌ 처리 중 오류 (https://n.news.naver.com/mnews/article/052/0002298804?sid=100): {'message': "Could not find the 'is_ai_generated' column of 'news_articles' in the schema cache", 'code': 'PGRST204', 'hint': None, 'details': None}
❌ 처리 중 오류 (https://n.news.naver.com/mnews/article/469/0000908180?sid=100): {'message': "Could not find the 'is_ai_generated' column of 'news_articles' in the schema cache", 'code': 'PGRST204', 'hint': None, 'details': None}
❌ 처리 중 오류 (https://n.news.naver.com/mnews/article/001/0015839718?sid=104): {'message': "Could not find the 'is_ai_generated' column of 'news_articles' in the schema cache", 'code': 'PGRST204', 'hint': None, 'details': None}
❌ 처리 중 오류 (https://n.news.naver.com/mnews/article/088/0000991305?sid=100): {'message': "Could not find the 'is_ai_generated' column of 'news_articles' in the schema cache", 'code': 'PGRST204', 'hint': None, 'details': None}
❌ 처리 중 오류 (https://n.news.naver.com/mnews/article/658/0000131864?sid=100): {'message': "Could not find the 'is_ai_generated' column of 'news_articles' in the schema cache", 'code': 'PGRST204', 'hint': None, 'details': None}
❌ 처리 중 오류 (https://n.news.naver.com/mnews/article/022/0004096544?sid=100): {'message': "Could not find the 'is_ai_generated' column of 'news_articles' in the schema cache", 'code': 'PGRST204', 'hint': None, 'details': None}
❌ 처리 중 오류 (https://n.news.naver.com/mnews/article/023/0003952178?sid=101): {'message': "Could not find the 'is_ai_generated' column of 'news_articles' in the schema cache", 'code': 'PGRST204', 'hint': None, 'details': None}
❌ 처리 중 오류 (https://n.news.naver.com/mnews/article/002/0002422630?sid=100): {'message': "Could not find the 'is_ai_generated' column of 'news_articles' in the schema cache", 'code': 'PGRST204', 'hint': None, 'details': None}
❌ 처리 중 오류 (https://n.news.naver.com/mnews/article/003/0013702628?sid=102): {'message': "Could not find the 'is_ai_generated' column of 'news_articles' in the schema cache", 'code': 'PGRST204', 'hint': None, 'details': None}
❌ 처리 중 오류 (https://n.news.naver.com/mnews/article/052/0002298847?sid=100): {'message': "Could not find the 'is_ai_generated' column of 'news_articles' in the schema cache", 'code': 'PGRST204', 'hint': None, 'details': None}
❌ 처리 중 오류 (https://n.news.naver.com/mnews/article/023/0003952032?sid=103): {'message': "Could not find the 'is_ai_generated' column of 'news_articles' in the schema cache", 'code': 'PGRST204', 'hint': None, 'details': None}
❌ 처리 중 오류 (https://n.news.naver.com/mnews/article/055/0001322886?sid=100): {'message': "Could not find the 'is_ai_generated' column of 'news_articles' in the schema cache", 'code': 'PGRST204', 'hint': None, 'details': None}
❌ 처리 중 오류 (https://n.news.naver.com/mnews/article/003/0013701365?sid=100): {'message': "Could not find the 'is_ai_generated' column of 'news_articles' in the schema cache", 'code': 'PGRST204', 'hint': None, 'details': None}
❌ 처리 중 오류 (https://n.news.naver.com/mnews/article/001/0015839779?sid=102): {'message': "Could not find the 'is_ai_generated' column of 'news_articles' in the schema cache", 'code': 'PGRST204', 'hint': None, 'details': None}
❌ 처리 중 오류 (https://n.news.naver.com/mnews/article/214/0001473357?sid=104): {'message': "Could not find the 'is_ai_generated' column of 'news_articles' in the schema cache", 'code': 'PGRST204', 'hint': None, 'details': None}
✅ [정치] 완료: 15개 처리

📰 [경제] 카테고리 수집 시작...
✅ 필터링 완료: 50개 -> 40개 신규 기사
❌ 처리 중 오류 (https://n.news.naver.com/mnews/article/001/0015840017?sid=103): {'message': "Could not find the 'is_ai_generated' column of 'news_articles' in the schema cache", 'code': 'PGRST204', 'hint': None, 'details': None}
❌ 처리 중 오류 (https://n.news.naver.com/mnews/article/421/0008707208?sid=105): {'message': "Could not find the 'is_ai_generated' column of 'news_articles' in the schema cache", 'code': 'PGRST204', 'hint': None, 'details': None}
❌ 처리 중 오류 (https://n.news.naver.com/mnews/article/021/0002762844?sid=102): {'message': "Could not find the 'is_ai_generated' column of 'news_articles' in the schema cache", 'code': 'PGRST204', 'hint': None, 'details': None}
❌ 처리 중 오류 (https://n.news.naver.com/mnews/article/011/0004577215?sid=101): {'message': "Could not find the 'is_ai_generated' column of 'news_articles' in the schema cache", 'code': 'PGRST204', 'hint': None, 'details': None}
❌ 처리 중 오류 (https://n.news.naver.com/mnews/article/437/0000472909?sid=100): {'message': "Could not find the 'is_ai_generated' column of 'news_articles' in the schema cache", 'code': 'PGRST204', 'hint': None, 'details': None}
❌ 처리 중 오류 (https://n.news.naver.com/mnews/article/057/0001929467?sid=102): {'message': "Could not find the 'is_ai_generated' column of 'news_articles' in the schema cache", 'code': 'PGRST204', 'hint': None, 'details': None}
❌ 처리 중 오류 (https://n.news.naver.com/mnews/article/023/0003952225?sid=102): {'message': "Could not find the 'is_ai_generated' column of 'news_articles' in the schema cache", 'code': 'PGRST204', 'hint': None, 'details': None}
❌ 처리 중 오류 (https://n.news.naver.com/mnews/article/055/0001322947?sid=101): {'message': "Could not find the 'is_ai_generated' column of 'news_articles' in the schema cache", 'code': 'PGRST204', 'hint': None, 'details': None}
❌ 처리 중 오류 (https://n.news.naver.com/mnews/article/001/0015837420?sid=101): {'message': "Could not find the 'is_ai_generated' column of 'news_articles' in the schema cache", 'code': 'PGRST204', 'hint': None, 'details': None}
❌ 처리 중 오류 (https://n.news.naver.com/mnews/article/366/0001135423?sid=101): {'message': "Could not find the 'is_ai_generated' column of 'news_articles' in the schema cache", 'code': 'PGRST204', 'hint': None, 'details': None}
✅ [경제] 완료: 10개 처리

📰 [사회] 카테고리 수집 시작...
✅ 필터링 완료: 50개 -> 39개 신규 기사
❌ 처리 중 오류 (https://n.news.naver.com/mnews/article/001/0015839664?sid=104): {'message': "Could not find the 'is_ai_generated' column of 'news_articles' in the schema cache", 'code': 'PGRST204', 'hint': None, 'details': None}
❌ 처리 중 오류 (https://n.news.naver.com/mnews/article/021/0002762778?sid=104): {'message': "Could not find the 'is_ai_generated' column of 'news_articles' in the schema cache", 'code': 'PGRST204', 'hint': None, 'details': None}
❌ 처리 중 오류 (https://n.news.naver.com/mnews/article/421/0008706821?sid=102): {'message': "Could not find the 'is_ai_generated' column of 'news_articles' in the schema cache", 'code': 'PGRST204', 'hint': None, 'details': None}
❌ 처리 중 오류 (https://m.entertain.naver.com/article/311/0001962285): {'message': "Could not find the 'is_ai_generated' column of 'news_articles' in the schema cache", 'code': 'PGRST204', 'hint': None, 'details': None}
❌ 처리 중 오류 (https://n.news.naver.com/mnews/article/015/0005234856?sid=102): {'message': "Could not find the 'is_ai_generated' column of 'news_articles' in the schema cache", 'code': 'PGRST204', 'hint': None, 'details': None}
❌ 처리 중 오류 (https://n.news.naver.com/mnews/article/243/0000090987?sid=101): {'message': "Could not find the 'is_ai_generated' column of 'news_articles' in the schema cache", 'code': 'PGRST204', 'hint': None, 'details': None}
❌ 처리 중 오류 (https://n.news.naver.com/mnews/article/001/0015839065?sid=100): {'message': "Could not find the 'is_ai_generated' column of 'news_articles' in the schema cache", 'code': 'PGRST204', 'hint': None, 'details': None}
❌ 처리 중 오류 (https://n.news.naver.com/mnews/article/001/0015839056?sid=102): {'message': "Could not find the 'is_ai_generated' column of 'news_articles' in the schema cache", 'code': 'PGRST204', 'hint': None, 'details': None}
❌ 처리 중 오류 (https://www.ajunews.com/view/20260111120410414): {'message': "Could not find the 'is_ai_generated' column of 'news_articles' in the schema cache", 'code': 'PGRST204', 'hint': None, 'details': None}
❌ 처리 중 오류 (https://n.news.naver.com/mnews/article/001/0015839058?sid=102): {'message': "Could not find the 'is_ai_generated' column of 'news_articles' in the schema cache", 'code': 'PGRST204', 'hint': None, 'details': None}
✅ [사회] 완료: 10개 처리

📰 [국제] 카테고리 수집 시작...
✅ 필터링 완료: 50개 -> 31개 신규 기사
❌ 처리 중 오류 (https://n.news.naver.com/mnews/article/001/0015839243?sid=102): {'message': "Could not find the 'is_ai_generated' column of 'news_articles' in the schema cache", 'code': 'PGRST204', 'hint': None, 'details': None}
❌ 처리 중 오류 (https://m.sports.naver.com/general/article/023/0003952228): {'message': "Could not find the 'is_ai_generated' column of 'news_articles' in the schema cache", 'code': 'PGRST204', 'hint': None, 'details': None}
❌ 처리 중 오류 (https://n.news.naver.com/mnews/article/025/0003495714?sid=102): {'message': "Could not find the 'is_ai_generated' column of 'news_articles' in the schema cache", 'code': 'PGRST204', 'hint': None, 'details': None}
❌ 처리 중 오류 (https://n.news.naver.com/mnews/article/009/0005619724?sid=102): {'message': "Could not find the 'is_ai_generated' column of 'news_articles' in the schema cache", 'code': 'PGRST204', 'hint': None, 'details': None}
❌ 처리 중 오류 (https://n.news.naver.com/mnews/article/277/0005704802?sid=100): {'message': "Could not find the 'is_ai_generated' column of 'news_articles' in the schema cache", 'code': 'PGRST204', 'hint': None, 'details': None}
✅ [국제] 완료: 5개 처리

📰 [스포츠] 카테고리 수집 시작...
✅ 필터링 완료: 50개 -> 31개 신규 기사
❌ 처리 중 오류 (https://m.sports.naver.com/basketball/article/241/0003487927): {'message': "Could not find the 'is_ai_generated' column of 'news_articles' in the schema cache", 'code': 'PGRST204', 'hint': None, 'details': None}
❌ 처리 중 오류 (https://n.news.naver.com/mnews/article/293/0000077619?sid=105): {'message': "Could not find the 'is_ai_generated' column of 'news_articles' in the schema cache", 'code': 'PGRST204', 'hint': None, 'details': None}
❌ 처리 중 오류 (https://n.news.naver.com/mnews/article/003/0013702632?sid=101): {'message': "Could not find the 'is_ai_generated' column of 'news_articles' in the schema cache", 'code': 'PGRST204', 'hint': None, 'details': None}
❌ 처리 중 오류 (https://n.news.naver.com/mnews/article/001/0015837694?sid=101): {'message': "Could not find the 'is_ai_generated' column of 'news_articles' in the schema cache", 'code': 'PGRST204', 'hint': None, 'details': None}
❌ 처리 중 오류 (https://game.donga.com/121011/): {'message': "Could not find the 'is_ai_generated' column of 'news_articles' in the schema cache", 'code': 'PGRST204', 'hint': None, 'details': None}
✅ [스포츠] 완료: 5개 처리

📰 [IT과학] 카테고리 수집 시작...
✅ 필터링 완료: 50개 -> 39개 신규 기사
❌ 처리 중 오류 (https://n.news.naver.com/mnews/article/421/0008707203?sid=105): {'message': "Could not find the 'is_ai_generated' column of 'news_articles' in the schema cache", 'code': 'PGRST204', 'hint': None, 'details': None}
❌ 처리 중 오류 (https://n.news.naver.com/mnews/article/003/0013694334?sid=105): {'message': "Could not find the 'is_ai_generated' column of 'news_articles' in the schema cache", 'code': 'PGRST204', 'hint': None, 'details': None}
❌ 처리 중 오류 (https://n.news.naver.com/mnews/article/008/0005301490?sid=102): {'message': "Could not find the 'is_ai_generated' column of 'news_articles' in the schema cache", 'code': 'PGRST204', 'hint': None, 'details': None}
❌ 처리 중 오류 (https://n.news.naver.com/mnews/article/011/0004575799?sid=105): {'message': "Could not find the 'is_ai_generated' column of 'news_articles' in the schema cache", 'code': 'PGRST204', 'hint': None, 'details': None}
❌ 처리 중 오류 (https://n.news.naver.com/mnews/article/029/0003003816?sid=105): {'message': "Could not find the 'is_ai_generated' column of 'news_articles' in the schema cache", 'code': 'PGRST204', 'hint': None, 'details': None}
✅ [IT과학] 완료: 5개 처리

📰 [연예] 카테고리 수집 시작...
✅ 필터링 완료: 50개 -> 44개 신규 기사
❌ 처리 중 오류 (https://n.news.naver.com/mnews/article/023/0003952139?sid=103): {'message': "Could not find the 'is_ai_generated' column of 'news_articles' in the schema cache", 'code': 'PGRST204', 'hint': None, 'details': None}
❌ 처리 중 오류 (https://n.news.naver.com/mnews/article/025/0003495703?sid=102): {'message': "Could not find the 'is_ai_generated' column of 'news_articles' in the schema cache", 'code': 'PGRST204', 'hint': None, 'details': None}
❌ 처리 중 오류 (https://n.news.naver.com/mnews/article/052/0002298898?sid=101): {'message': "Could not find the 'is_ai_generated' column of 'news_articles' in the schema cache", 'code': 'PGRST204', 'hint': None, 'details': None}
❌ 처리 중 오류 (https://www.bntnews.co.kr/article/view/bnt202601110028): {'message': "Could not find the 'is_ai_generated' column of 'news_articles' in the schema cache", 'code': 'PGRST204', 'hint': None, 'details': None}
❌ 처리 중 오류 (https://m.entertain.naver.com/article/003/0013703014): {'message': "Could not find the 'is_ai_generated' column of 'news_articles' in the schema cache", 'code': 'PGRST204', 'hint': None, 'details': None}
✅ [연예] 완료: 5개 처리

🎉 전체 작업 완료: 총 0개 기사 저장
🚀 작업 시작: 2026-01-11 15:29:32.118146

📰 [정치] 카테고리 수집 시작...
✅ 필터링 완료: 50개 -> 31개 신규 기사
❌ 처리 중 오류 (https://n.news.naver.com/mnews/article/052/0002298804?sid=100): {'message': "Could not find the 'is_ai_generated' column of 'news_articles' in the schema cache", 'code': 'PGRST204', 'hint': None, 'details': None}
❌ 처리 중 오류 (https://n.news.naver.com/mnews/article/469/0000908180?sid=100): {'message': "Could not find the 'is_ai_generated' column of 'news_articles' in the schema cache", 'code': 'PGRST204', 'hint': None, 'details': None}
❌ 처리 중 오류 (https://n.news.naver.com/mnews/article/658/0000131864?sid=100): {'message': "Could not find the 'is_ai_generated' column of 'news_articles' in the schema cache", 'code': 'PGRST204', 'hint': None, 'details': None}
❌ 처리 중 오류 (https://n.news.naver.com/mnews/article/088/0000991305?sid=100): {'message': "Could not find the 'is_ai_generated' column of 'news_articles' in the schema cache", 'code': 'PGRST204', 'hint': None, 'details': None}
❌ 처리 중 오류 (https://n.news.naver.com/mnews/article/001/0015839718?sid=104): {'message': "Could not find the 'is_ai_generated' column of 'news_articles' in the schema cache", 'code': 'PGRST204', 'hint': None, 'details': None}
❌ 처리 중 오류 (https://n.news.naver.com/mnews/article/022/0004096544?sid=100): {'message': "Could not find the 'is_ai_generated' column of 'news_articles' in the schema cache", 'code': 'PGRST204', 'hint': None, 'details': None}
❌ 처리 중 오류 (https://n.news.naver.com/mnews/article/023/0003952178?sid=101): {'message': "Could not find the 'is_ai_generated' column of 'news_articles' in the schema cache", 'code': 'PGRST204', 'hint': None, 'details': None}
❌ 처리 중 오류 (https://n.news.naver.com/mnews/article/002/0002422630?sid=100): {'message': "Could not find the 'is_ai_generated' column of 'news_articles' in the schema cache", 'code': 'PGRST204', 'hint': None, 'details': None}
❌ 처리 중 오류 (https://n.news.naver.com/mnews/article/003/0013702628?sid=102): {'message': "Could not find the 'is_ai_generated' column of 'news_articles' in the schema cache", 'code': 'PGRST204', 'hint': None, 'details': None}
❌ 처리 중 오류 (https://n.news.naver.com/mnews/article/052/0002298847?sid=100): {'message': "Could not find the 'is_ai_generated' column of 'news_articles' in the schema cache", 'code': 'PGRST204', 'hint': None, 'details': None}
❌ 처리 중 오류 (https://n.news.naver.com/mnews/article/023/0003952032?sid=103): {'message': "Could not find the 'is_ai_generated' column of 'news_articles' in the schema cache", 'code': 'PGRST204', 'hint': None, 'details': None}
❌ 처리 중 오류 (https://n.news.naver.com/mnews/article/055/0001322886?sid=100): {'message': "Could not find the 'is_ai_generated' column of 'news_articles' in the schema cache", 'code': 'PGRST204', 'hint': None, 'details': None}
❌ 처리 중 오류 (https://n.news.naver.com/mnews/article/003/0013701365?sid=100): {'message': "Could not find the 'is_ai_generated' column of 'news_articles' in the schema cache", 'code': 'PGRST204', 'hint': None, 'details': None}
❌ 처리 중 오류 (https://n.news.naver.com/mnews/article/001/0015839779?sid=102): {'message': "Could not find the 'is_ai_generated' column of 'news_articles' in the schema cache", 'code': 'PGRST204', 'hint': None, 'details': None}
❌ 처리 중 오류 (https://n.news.naver.com/mnews/article/025/0003495783?sid=102): {'message': "Could not find the 'is_ai_generated' column of 'news_articles' in the schema cache", 'code': 'PGRST204', 'hint': None, 'details': None}
✅ [정치] 완료: 15개 처리

📰 [경제] 카테고리 수집 시작...
✅ 필터링 완료: 50개 -> 40개 신규 기사
❌ 처리 중 오류 (https://n.news.naver.com/mnews/article/011/0004577215?sid=101): {'message': "Could not find the 'is_ai_generated' column of 'news_articles' in the schema cache", 'code': 'PGRST204', 'hint': None, 'details': None}
❌ 처리 중 오류 (https://n.news.naver.com/mnews/article/001/0015840017?sid=103): {'message': "Could not find the 'is_ai_generated' column of 'news_articles' in the schema cache", 'code': 'PGRST204', 'hint': None, 'details': None}
❌ 처리 중 오류 (https://n.news.naver.com/mnews/article/421/0008707208?sid=105): {'message': "Could not find the 'is_ai_generated' column of 'news_articles' in the schema cache", 'code': 'PGRST204', 'hint': None, 'details': None}
❌ 처리 중 오류 (https://n.news.naver.com/mnews/article/021/0002762844?sid=102): {'message': "Could not find the 'is_ai_generated' column of 'news_articles' in the schema cache", 'code': 'PGRST204', 'hint': None, 'details': None}
❌ 처리 중 오류 (https://n.news.naver.com/mnews/article/023/0003952225?sid=102): {'message': "Could not find the 'is_ai_generated' column of 'news_articles' in the schema cache", 'code': 'PGRST204', 'hint': None, 'details': None}
❌ 처리 중 오류 (https://n.news.naver.com/mnews/article/437/0000472909?sid=100): {'message': "Could not find the 'is_ai_generated' column of 'news_articles' in the schema cache", 'code': 'PGRST204', 'hint': None, 'details': None}
❌ 처리 중 오류 (https://n.news.naver.com/mnews/article/057/0001929467?sid=102): {'message': "Could not find the 'is_ai_generated' column of 'news_articles' in the schema cache", 'code': 'PGRST204', 'hint': None, 'details': None}
❌ 처리 중 오류 (https://n.news.naver.com/mnews/article/055/0001322947?sid=101): {'message': "Could not find the 'is_ai_generated' column of 'news_articles' in the schema cache", 'code': 'PGRST204', 'hint': None, 'details': None}
❌ 처리 중 오류 (https://n.news.naver.com/mnews/article/001/0015837420?sid=101): {'message': "Could not find the 'is_ai_generated' column of 'news_articles' in the schema cache", 'code': 'PGRST204', 'hint': None, 'details': None}
❌ 처리 중 오류 (https://n.news.naver.com/mnews/article/366/0001135423?sid=101): {'message': "Could not find the 'is_ai_generated' column of 'news_articles' in the schema cache", 'code': 'PGRST204', 'hint': None, 'details': None}
✅ [경제] 완료: 10개 처리

📰 [사회] 카테고리 수집 시작...
✅ 필터링 완료: 50개 -> 38개 신규 기사
❌ 처리 중 오류 (https://n.news.naver.com/mnews/article/001/0015839664?sid=104): {'message': "Could not find the 'is_ai_generated' column of 'news_articles' in the schema cache", 'code': 'PGRST204', 'hint': None, 'details': None}
❌ 처리 중 오류 (https://n.news.naver.com/mnews/article/021/0002762778?sid=104): {'message': "Could not find the 'is_ai_generated' column of 'news_articles' in the schema cache", 'code': 'PGRST204', 'hint': None, 'details': None}
❌ 처리 중 오류 (https://n.news.naver.com/mnews/article/421/0008706821?sid=102): {'message': "Could not find the 'is_ai_generated' column of 'news_articles' in the schema cache", 'code': 'PGRST204', 'hint': None, 'details': None}
❌ 처리 중 오류 (https://m.entertain.naver.com/article/311/0001962285): {'message': "Could not find the 'is_ai_generated' column of 'news_articles' in the schema cache", 'code': 'PGRST204', 'hint': None, 'details': None}
❌ 처리 중 오류 (https://n.news.naver.com/mnews/article/015/0005234856?sid=102): {'message': "Could not find the 'is_ai_generated' column of 'news_articles' in the schema cache", 'code': 'PGRST204', 'hint': None, 'details': None}
❌ 처리 중 오류 (https://n.news.naver.com/mnews/article/243/0000090987?sid=101): {'message': "Could not find the 'is_ai_generated' column of 'news_articles' in the schema cache", 'code': 'PGRST204', 'hint': None, 'details': None}
❌ 처리 중 오류 (https://n.news.naver.com/mnews/article/001/0015839065?sid=100): {'message': "Could not find the 'is_ai_generated' column of 'news_articles' in the schema cache", 'code': 'PGRST204', 'hint': None, 'details': None}
❌ 처리 중 오류 (https://n.news.naver.com/mnews/article/001/0015839056?sid=102): {'message': "Could not find the 'is_ai_generated' column of 'news_articles' in the schema cache", 'code': 'PGRST204', 'hint': None, 'details': None}
❌ 처리 중 오류 (https://www.ajunews.com/view/20260111120410414): {'message': "Could not find the 'is_ai_generated' column of 'news_articles' in the schema cache", 'code': 'PGRST204', 'hint': None, 'details': None}
❌ 처리 중 오류 (https://n.news.naver.com/mnews/article/001/0015839058?sid=102): {'message': "Could not find the 'is_ai_generated' column of 'news_articles' in the schema cache", 'code': 'PGRST204', 'hint': None, 'details': None}
✅ [사회] 완료: 10개 처리

📰 [국제] 카테고리 수집 시작...
✅ 필터링 완료: 50개 -> 31개 신규 기사
❌ 처리 중 오류 (https://n.news.naver.com/mnews/article/001/0015839243?sid=102): {'message': "Could not find the 'is_ai_generated' column of 'news_articles' in the schema cache", 'code': 'PGRST204', 'hint': None, 'details': None}
❌ 처리 중 오류 (https://n.news.naver.com/mnews/article/025/0003495714?sid=102): {'message': "Could not find the 'is_ai_generated' column of 'news_articles' in the schema cache", 'code': 'PGRST204', 'hint': None, 'details': None}
❌ 처리 중 오류 (https://n.news.naver.com/mnews/article/009/0005619724?sid=102): {'message': "Could not find the 'is_ai_generated' column of 'news_articles' in the schema cache", 'code': 'PGRST204', 'hint': None, 'details': None}
❌ 처리 중 오류 (https://n.news.naver.com/mnews/article/277/0005704802?sid=100): {'message': "Could not find the 'is_ai_generated' column of 'news_articles' in the schema cache", 'code': 'PGRST204', 'hint': None, 'details': None}
❌ 처리 중 오류 (https://n.news.naver.com/mnews/article/366/0001135445?sid=004): {'message': "Could not find the 'is_ai_generated' column of 'news_articles' in the schema cache", 'code': 'PGRST204', 'hint': None, 'details': None}
✅ [국제] 완료: 5개 처리

📰 [스포츠] 카테고리 수집 시작...
✅ 필터링 완료: 50개 -> 32개 신규 기사
❌ 처리 중 오류 (https://m.sports.naver.com/basketball/article/241/0003487927): {'message': "Could not find the 'is_ai_generated' column of 'news_articles' in the schema cache", 'code': 'PGRST204', 'hint': None, 'details': None}
❌ 처리 중 오류 (https://n.news.naver.com/mnews/article/293/0000077619?sid=105): {'message': "Could not find the 'is_ai_generated' column of 'news_articles' in the schema cache", 'code': 'PGRST204', 'hint': None, 'details': None}
❌ 처리 중 오류 (https://n.news.naver.com/mnews/article/003/0013702632?sid=101): {'message': "Could not find the 'is_ai_generated' column of 'news_articles' in the schema cache", 'code': 'PGRST204', 'hint': None, 'details': None}
❌ 처리 중 오류 (https://n.news.naver.com/mnews/article/662/0000086136?sid=103): {'message': "Could not find the 'is_ai_generated' column of 'news_articles' in the schema cache", 'code': 'PGRST204', 'hint': None, 'details': None}
❌ 처리 중 오류 (https://n.news.naver.com/mnews/article/001/0015837694?sid=101): {'message': "Could not find the 'is_ai_generated' column of 'news_articles' in the schema cache", 'code': 'PGRST204', 'hint': None, 'details': None}
✅ [스포츠] 완료: 5개 처리

📰 [IT과학] 카테고리 수집 시작...
✅ 필터링 완료: 50개 -> 39개 신규 기사
❌ 처리 중 오류 (https://n.news.naver.com/mnews/article/421/0008707203?sid=105): {'message': "Could not find the 'is_ai_generated' column of 'news_articles' in the schema cache", 'code': 'PGRST204', 'hint': None, 'details': None}
❌ 처리 중 오류 (https://n.news.naver.com/mnews/article/003/0013694334?sid=105): {'message': "Could not find the 'is_ai_generated' column of 'news_articles' in the schema cache", 'code': 'PGRST204', 'hint': None, 'details': None}
❌ 처리 중 오류 (https://n.news.naver.com/mnews/article/008/0005301490?sid=102): {'message': "Could not find the 'is_ai_generated' column of 'news_articles' in the schema cache", 'code': 'PGRST204', 'hint': None, 'details': None}
❌ 처리 중 오류 (https://n.news.naver.com/mnews/article/011/0004575799?sid=105): {'message': "Could not find the 'is_ai_generated' column of 'news_articles' in the schema cache", 'code': 'PGRST204', 'hint': None, 'details': None}
❌ 처리 중 오류 (https://n.news.naver.com/mnews/article/029/0003003816?sid=105): {'message': "Could not find the 'is_ai_generated' column of 'news_articles' in the schema cache", 'code': 'PGRST204', 'hint': None, 'details': None}
✅ [IT과학] 완료: 5개 처리

📰 [연예] 카테고리 수집 시작...
✅ 필터링 완료: 50개 -> 44개 신규 기사
❌ 처리 중 오류 (https://n.news.naver.com/mnews/article/023/0003952139?sid=103): {'message': "Could not find the 'is_ai_generated' column of 'news_articles' in the schema cache", 'code': 'PGRST204', 'hint': None, 'details': None}
❌ 처리 중 오류 (https://n.news.naver.com/mnews/article/025/0003495703?sid=102): {'message': "Could not find the 'is_ai_generated' column of 'news_articles' in the schema cache", 'code': 'PGRST204', 'hint': None, 'details': None}
❌ 처리 중 오류 (https://n.news.naver.com/mnews/article/052/0002298898?sid=101): {'message': "Could not find the 'is_ai_generated' column of 'news_articles' in the schema cache", 'code': 'PGRST204', 'hint': None, 'details': None}
❌ 처리 중 오류 (https://www.bntnews.co.kr/article/view/bnt202601110028): {'message': "Could not find the 'is_ai_generated' column of 'news_articles' in the schema cache", 'code': 'PGRST204', 'hint': None, 'details': None}
❌ 처리 중 오류 (https://m.entertain.naver.com/article/003/0013703014): {'message': "Could not find the 'is_ai_generated' column of 'news_articles' in the schema cache", 'code': 'PGRST204', 'hint': None, 'details': None}
✅ [연예] 완료: 5개 처리

🎉 전체 작업 완료: 총 0개 기사 저장
🚀 작업 시작: 2026-01-11 15:59:32.095914

📰 [정치] 카테고리 수집 시작...
✅ 필터링 완료: 50개 -> 31개 신규 기사
❌ 처리 중 오류 (https://n.news.naver.com/mnews/article/052/0002298804?sid=100): {'message': "Could not find the 'is_ai_generated' column of 'news_articles' in the schema cache", 'code': 'PGRST204', 'hint': None, 'details': None}
❌ 처리 중 오류 (https://n.news.naver.com/mnews/article/469/0000908180?sid=100): {'message': "Could not find the 'is_ai_generated' column of 'news_articles' in the schema cache", 'code': 'PGRST204', 'hint': None, 'details': None}
❌ 처리 중 오류 (https://n.news.naver.com/mnews/article/088/0000991305?sid=100): {'message': "Could not find the 'is_ai_generated' column of 'news_articles' in the schema cache", 'code': 'PGRST204', 'hint': None, 'details': None}
❌ 처리 중 오류 (https://n.news.naver.com/mnews/article/001/0015839718?sid=104): {'message': "Could not find the 'is_ai_generated' column of 'news_articles' in the schema cache", 'code': 'PGRST204', 'hint': None, 'details': None}
❌ 처리 중 오류 (https://n.news.naver.com/mnews/article/658/0000131864?sid=100): {'message': "Could not find the 'is_ai_generated' column of 'news_articles' in the schema cache", 'code': 'PGRST204', 'hint': None, 'details': None}
❌ 처리 중 오류 (https://n.news.naver.com/mnews/article/022/0004096544?sid=100): {'message': "Could not find the 'is_ai_generated' column of 'news_articles' in the schema cache", 'code': 'PGRST204', 'hint': None, 'details': None}
❌ 처리 중 오류 (https://n.news.naver.com/mnews/article/023/0003952178?sid=101): {'message': "Could not find the 'is_ai_generated' column of 'news_articles' in the schema cache", 'code': 'PGRST204', 'hint': None, 'details': None}
❌ 처리 중 오류 (https://n.news.naver.com/mnews/article/002/0002422630?sid=100): {'message': "Could not find the 'is_ai_generated' column of 'news_articles' in the schema cache", 'code': 'PGRST204', 'hint': None, 'details': None}
❌ 처리 중 오류 (https://n.news.naver.com/mnews/article/003/0013702628?sid=102): {'message': "Could not find the 'is_ai_generated' column of 'news_articles' in the schema cache", 'code': 'PGRST204', 'hint': None, 'details': None}
❌ 처리 중 오류 (https://n.news.naver.com/mnews/article/052/0002298847?sid=100): {'message': "Could not find the 'is_ai_generated' column of 'news_articles' in the schema cache", 'code': 'PGRST204', 'hint': None, 'details': None}
❌ 처리 중 오류 (https://n.news.naver.com/mnews/article/023/0003952032?sid=103): {'message': "Could not find the 'is_ai_generated' column of 'news_articles' in the schema cache", 'code': 'PGRST204', 'hint': None, 'details': None}
❌ 처리 중 오류 (https://n.news.naver.com/mnews/article/055/0001322886?sid=100): {'message': "Could not find the 'is_ai_generated' column of 'news_articles' in the schema cache", 'code': 'PGRST204', 'hint': None, 'details': None}
❌ 처리 중 오류 (https://n.news.naver.com/mnews/article/003/0013701365?sid=100): {'message': "Could not find the 'is_ai_generated' column of 'news_articles' in the schema cache", 'code': 'PGRST204', 'hint': None, 'details': None}
❌ 처리 중 오류 (https://n.news.naver.com/mnews/article/001/0015839779?sid=102): {'message': "Could not find the 'is_ai_generated' column of 'news_articles' in the schema cache", 'code': 'PGRST204', 'hint': None, 'details': None}
❌ 처리 중 오류 (https://n.news.naver.com/mnews/article/025/0003495783?sid=102): {'message': "Could not find the 'is_ai_generated' column of 'news_articles' in the schema cache", 'code': 'PGRST204', 'hint': None, 'details': None}
✅ [정치] 완료: 15개 처리

📰 [경제] 카테고리 수집 시작...
✅ 필터링 완료: 50개 -> 40개 신규 기사
❌ 처리 중 오류 (https://n.news.naver.com/mnews/article/011/0004577215?sid=101): {'message': "Could not find the 'is_ai_generated' column of 'news_articles' in the schema cache", 'code': 'PGRST204', 'hint': None, 'details': None}
❌ 처리 중 오류 (https://n.news.naver.com/mnews/article/001/0015840017?sid=103): {'message': "Could not find the 'is_ai_generated' column of 'news_articles' in the schema cache", 'code': 'PGRST204', 'hint': None, 'details': None}
❌ 처리 중 오류 (https://n.news.naver.com/mnews/article/421/0008707208?sid=105): {'message': "Could not find the 'is_ai_generated' column of 'news_articles' in the schema cache", 'code': 'PGRST204', 'hint': None, 'details': None}
❌ 처리 중 오류 (https://n.news.naver.com/mnews/article/057/0001929467?sid=102): {'message': "Could not find the 'is_ai_generated' column of 'news_articles' in the schema cache", 'code': 'PGRST204', 'hint': None, 'details': None}
❌ 처리 중 오류 (https://n.news.naver.com/mnews/article/021/0002762844?sid=102): {'message': "Could not find the 'is_ai_generated' column of 'news_articles' in the schema cache", 'code': 'PGRST204', 'hint': None, 'details': None}
❌ 처리 중 오류 (https://n.news.naver.com/mnews/article/023/0003952225?sid=102): {'message': "Could not find the 'is_ai_generated' column of 'news_articles' in the schema cache", 'code': 'PGRST204', 'hint': None, 'details': None}
❌ 처리 중 오류 (https://n.news.naver.com/mnews/article/015/0005235382?sid=104): {'message': "Could not find the 'is_ai_generated' column of 'news_articles' in the schema cache", 'code': 'PGRST204', 'hint': None, 'details': None}
❌ 처리 중 오류 (https://n.news.naver.com/mnews/article/055/0001322947?sid=101): {'message': "Could not find the 'is_ai_generated' column of 'news_articles' in the schema cache", 'code': 'PGRST204', 'hint': None, 'details': None}
❌ 처리 중 오류 (https://n.news.naver.com/mnews/article/437/0000472909?sid=100): {'message': "Could not find the 'is_ai_generated' column of 'news_articles' in the schema cache", 'code': 'PGRST204', 'hint': None, 'details': None}
❌ 처리 중 오류 (https://n.news.naver.com/mnews/article/366/0001135423?sid=101): {'message': "Could not find the 'is_ai_generated' column of 'news_articles' in the schema cache", 'code': 'PGRST204', 'hint': None, 'details': None}
✅ [경제] 완료: 10개 처리

📰 [사회] 카테고리 수집 시작...
✅ 필터링 완료: 50개 -> 38개 신규 기사
❌ 처리 중 오류 (https://n.news.naver.com/mnews/article/001/0015839664?sid=104): {'message': "Could not find the 'is_ai_generated' column of 'news_articles' in the schema cache", 'code': 'PGRST204', 'hint': None, 'details': None}
❌ 처리 중 오류 (https://n.news.naver.com/mnews/article/021/0002762778?sid=104): {'message': "Could not find the 'is_ai_generated' column of 'news_articles' in the schema cache", 'code': 'PGRST204', 'hint': None, 'details': None}
❌ 처리 중 오류 (https://n.news.naver.com/mnews/article/421/0008706821?sid=102): {'message': "Could not find the 'is_ai_generated' column of 'news_articles' in the schema cache", 'code': 'PGRST204', 'hint': None, 'details': None}
❌ 처리 중 오류 (https://m.entertain.naver.com/article/311/0001962285): {'message': "Could not find the 'is_ai_generated' column of 'news_articles' in the schema cache", 'code': 'PGRST204', 'hint': None, 'details': None}
❌ 처리 중 오류 (https://n.news.naver.com/mnews/article/023/0003952238?sid=105): {'message': "Could not find the 'is_ai_generated' column of 'news_articles' in the schema cache", 'code': 'PGRST204', 'hint': None, 'details': None}
❌ 처리 중 오류 (https://n.news.naver.com/mnews/article/243/0000090987?sid=101): {'message': "Could not find the 'is_ai_generated' column of 'news_articles' in the schema cache", 'code': 'PGRST204', 'hint': None, 'details': None}
❌ 처리 중 오류 (https://n.news.naver.com/mnews/article/001/0015839065?sid=100): {'message': "Could not find the 'is_ai_generated' column of 'news_articles' in the schema cache", 'code': 'PGRST204', 'hint': None, 'details': None}
❌ 처리 중 오류 (https://n.news.naver.com/mnews/article/015/0005234856?sid=102): {'message': "Could not find the 'is_ai_generated' column of 'news_articles' in the schema cache", 'code': 'PGRST204', 'hint': None, 'details': None}
❌ 처리 중 오류 (https://n.news.naver.com/mnews/article/001/0015839056?sid=102): {'message': "Could not find the 'is_ai_generated' column of 'news_articles' in the schema cache", 'code': 'PGRST204', 'hint': None, 'details': None}
❌ 처리 중 오류 (https://www.ajunews.com/view/20260111120410414): {'message': "Could not find the 'is_ai_generated' column of 'news_articles' in the schema cache", 'code': 'PGRST204', 'hint': None, 'details': None}
✅ [사회] 완료: 10개 처리

📰 [국제] 카테고리 수집 시작...
✅ 필터링 완료: 50개 -> 27개 신규 기사
❌ 처리 중 오류 (https://n.news.naver.com/mnews/article/001/0015839243?sid=102): {'message': "Could not find the 'is_ai_generated' column of 'news_articles' in the schema cache", 'code': 'PGRST204', 'hint': None, 'details': None}
❌ 처리 중 오류 (https://n.news.naver.com/mnews/article/025/0003495714?sid=102): {'message': "Could not find the 'is_ai_generated' column of 'news_articles' in the schema cache", 'code': 'PGRST204', 'hint': None, 'details': None}
❌ 처리 중 오류 (https://n.news.naver.com/mnews/article/009/0005619724?sid=102): {'message': "Could not find the 'is_ai_generated' column of 'news_articles' in the schema cache", 'code': 'PGRST204', 'hint': None, 'details': None}
❌ 처리 중 오류 (https://n.news.naver.com/mnews/article/366/0001135445?sid=004): {'message': "Could not find the 'is_ai_generated' column of 'news_articles' in the schema cache", 'code': 'PGRST204', 'hint': None, 'details': None}
❌ 처리 중 오류 (https://n.news.naver.com/mnews/article/277/0005704802?sid=100): {'message': "Could not find the 'is_ai_generated' column of 'news_articles' in the schema cache", 'code': 'PGRST204', 'hint': None, 'details': None}
✅ [국제] 완료: 5개 처리

📰 [스포츠] 카테고리 수집 시작...
✅ 필터링 완료: 50개 -> 33개 신규 기사
❌ 처리 중 오류 (https://m.sports.naver.com/basketball/article/241/0003487927): {'message': "Could not find the 'is_ai_generated' column of 'news_articles' in the schema cache", 'code': 'PGRST204', 'hint': None, 'details': None}
❌ 처리 중 오류 (https://n.news.naver.com/mnews/article/293/0000077619?sid=105): {'message': "Could not find the 'is_ai_generated' column of 'news_articles' in the schema cache", 'code': 'PGRST204', 'hint': None, 'details': None}
❌ 처리 중 오류 (https://n.news.naver.com/mnews/article/003/0013702632?sid=101): {'message': "Could not find the 'is_ai_generated' column of 'news_articles' in the schema cache", 'code': 'PGRST204', 'hint': None, 'details': None}
❌ 처리 중 오류 (https://n.news.naver.com/mnews/article/662/0000086136?sid=103): {'message': "Could not find the 'is_ai_generated' column of 'news_articles' in the schema cache", 'code': 'PGRST204', 'hint': None, 'details': None}
❌ 처리 중 오류 (https://n.news.naver.com/mnews/article/001/0015837694?sid=101): {'message': "Could not find the 'is_ai_generated' column of 'news_articles' in the schema cache", 'code': 'PGRST204', 'hint': None, 'details': None}
✅ [스포츠] 완료: 5개 처리

📰 [IT과학] 카테고리 수집 시작...
✅ 필터링 완료: 50개 -> 39개 신규 기사
❌ 처리 중 오류 (https://n.news.naver.com/mnews/article/421/0008707203?sid=105): {'message': "Could not find the 'is_ai_generated' column of 'news_articles' in the schema cache", 'code': 'PGRST204', 'hint': None, 'details': None}
❌ 처리 중 오류 (https://n.news.naver.com/mnews/article/003/0013694334?sid=105): {'message': "Could not find the 'is_ai_generated' column of 'news_articles' in the schema cache", 'code': 'PGRST204', 'hint': None, 'details': None}
❌ 처리 중 오류 (https://n.news.naver.com/mnews/article/008/0005301490?sid=102): {'message': "Could not find the 'is_ai_generated' column of 'news_articles' in the schema cache", 'code': 'PGRST204', 'hint': None, 'details': None}
❌ 처리 중 오류 (https://n.news.naver.com/mnews/article/011/0004575799?sid=105): {'message': "Could not find the 'is_ai_generated' column of 'news_articles' in the schema cache", 'code': 'PGRST204', 'hint': None, 'details': None}
❌ 처리 중 오류 (https://n.news.naver.com/mnews/article/029/0003003816?sid=105): {'message': "Could not find the 'is_ai_generated' column of 'news_articles' in the schema cache", 'code': 'PGRST204', 'hint': None, 'details': None}
✅ [IT과학] 완료: 5개 처리

📰 [연예] 카테고리 수집 시작...
✅ 필터링 완료: 50개 -> 44개 신규 기사
❌ 처리 중 오류 (https://n.news.naver.com/mnews/article/023/0003952139?sid=103): {'message': "Could not find the 'is_ai_generated' column of 'news_articles' in the schema cache", 'code': 'PGRST204', 'hint': None, 'details': None}
❌ 처리 중 오류 (https://n.news.naver.com/mnews/article/025/0003495703?sid=102): {'message': "Could not find the 'is_ai_generated' column of 'news_articles' in the schema cache", 'code': 'PGRST204', 'hint': None, 'details': None}
❌ 처리 중 오류 (https://n.news.naver.com/mnews/article/052/0002298898?sid=101): {'message': "Could not find the 'is_ai_generated' column of 'news_articles' in the schema cache", 'code': 'PGRST204', 'hint': None, 'details': None}
❌ 처리 중 오류 (https://www.bntnews.co.kr/article/view/bnt202601110028): {'message': "Could not find the 'is_ai_generated' column of 'news_articles' in the schema cache", 'code': 'PGRST204', 'hint': None, 'details': None}
❌ 처리 중 오류 (https://m.entertain.naver.com/article/003/0013703014): {'message': "Could not find the 'is_ai_generated' column of 'news_articles' in the schema cache", 'code': 'PGRST204', 'hint': None, 'details': None}
✅ [연예] 완료: 5개 처리

🎉 전체 작업 완료: 총 0개 기사 저장
🚀 작업 시작: 2026-01-11 16:29:32.102949

📰 [정치] 카테고리 수집 시작...
✅ 필터링 완료: 50개 -> 33개 신규 기사
❌ 처리 중 오류 (https://n.news.naver.com/mnews/article/052/0002298804?sid=100): {'message': "Could not find the 'is_ai_generated' column of 'news_articles' in the schema cache", 'code': 'PGRST204', 'hint': None, 'details': None}
❌ 처리 중 오류 (https://n.news.naver.com/mnews/article/469/0000908180?sid=100): {'message': "Could not find the 'is_ai_generated' column of 'news_articles' in the schema cache", 'code': 'PGRST204', 'hint': None, 'details': None}
❌ 처리 중 오류 (https://n.news.naver.com/mnews/article/003/0013703689?sid=102): {'message': "Could not find the 'is_ai_generated' column of 'news_articles' in the schema cache", 'code': 'PGRST204', 'hint': None, 'details': None}
❌ 처리 중 오류 (https://n.news.naver.com/mnews/article/088/0000991305?sid=100): {'message': "Could not find the 'is_ai_generated' column of 'news_articles' in the schema cache", 'code': 'PGRST204', 'hint': None, 'details': None}
❌ 처리 중 오류 (https://n.news.naver.com/mnews/article/001/0015839718?sid=104): {'message': "Could not find the 'is_ai_generated' column of 'news_articles' in the schema cache", 'code': 'PGRST204', 'hint': None, 'details': None}
❌ 처리 중 오류 (https://n.news.naver.com/mnews/article/658/0000131864?sid=100): {'message': "Could not find the 'is_ai_generated' column of 'news_articles' in the schema cache", 'code': 'PGRST204', 'hint': None, 'details': None}
❌ 처리 중 오류 (https://n.news.naver.com/mnews/article/022/0004096544?sid=100): {'message': "Could not find the 'is_ai_generated' column of 'news_articles' in the schema cache", 'code': 'PGRST204', 'hint': None, 'details': None}
❌ 처리 중 오류 (https://n.news.naver.com/mnews/article/023/0003952178?sid=101): {'message': "Could not find the 'is_ai_generated' column of 'news_articles' in the schema cache", 'code': 'PGRST204', 'hint': None, 'details': None}
❌ 처리 중 오류 (https://n.news.naver.com/mnews/article/082/0001362103?sid=100): {'message': "Could not find the 'is_ai_generated' column of 'news_articles' in the schema cache", 'code': 'PGRST204', 'hint': None, 'details': None}
❌ 처리 중 오류 (https://n.news.naver.com/mnews/article/052/0002298847?sid=100): {'message': "Could not find the 'is_ai_generated' column of 'news_articles' in the schema cache", 'code': 'PGRST204', 'hint': None, 'details': None}
❌ 처리 중 오류 (https://n.news.naver.com/mnews/article/002/0002422630?sid=100): {'message': "Could not find the 'is_ai_generated' column of 'news_articles' in the schema cache", 'code': 'PGRST204', 'hint': None, 'details': None}
❌ 처리 중 오류 (https://n.news.naver.com/mnews/article/023/0003952032?sid=103): {'message': "Could not find the 'is_ai_generated' column of 'news_articles' in the schema cache", 'code': 'PGRST204', 'hint': None, 'details': None}
❌ 처리 중 오류 (https://n.news.naver.com/mnews/article/055/0001322886?sid=100): {'message': "Could not find the 'is_ai_generated' column of 'news_articles' in the schema cache", 'code': 'PGRST204', 'hint': None, 'details': None}
❌ 처리 중 오류 (https://n.news.naver.com/mnews/article/003/0013701365?sid=100): {'message': "Could not find the 'is_ai_generated' column of 'news_articles' in the schema cache", 'code': 'PGRST204', 'hint': None, 'details': None}
❌ 처리 중 오류 (https://n.news.naver.com/mnews/article/001/0015839779?sid=102): {'message': "Could not find the 'is_ai_generated' column of 'news_articles' in the schema cache", 'code': 'PGRST204', 'hint': None, 'details': None}
✅ [정치] 완료: 15개 처리

📰 [경제] 카테고리 수집 시작...
✅ 필터링 완료: 50개 -> 40개 신규 기사
❌ 처리 중 오류 (https://n.news.naver.com/mnews/article/001/0015840017?sid=103): {'message': "Could not find the 'is_ai_generated' column of 'news_articles' in the schema cache", 'code': 'PGRST204', 'hint': None, 'details': None}
❌ 처리 중 오류 (https://n.news.naver.com/mnews/article/011/0004577215?sid=101): {'message': "Could not find the 'is_ai_generated' column of 'news_articles' in the schema cache", 'code': 'PGRST204', 'hint': None, 'details': None}
❌ 처리 중 오류 (https://n.news.naver.com/mnews/article/421/0008707208?sid=105): {'message': "Could not find the 'is_ai_generated' column of 'news_articles' in the schema cache", 'code': 'PGRST204', 'hint': None, 'details': None}
❌ 처리 중 오류 (https://n.news.naver.com/mnews/article/057/0001929467?sid=102): {'message': "Could not find the 'is_ai_generated' column of 'news_articles' in the schema cache", 'code': 'PGRST204', 'hint': None, 'details': None}
❌ 처리 중 오류 (https://n.news.naver.com/mnews/article/021/0002762844?sid=102): {'message': "Could not find the 'is_ai_generated' column of 'news_articles' in the schema cache", 'code': 'PGRST204', 'hint': None, 'details': None}
❌ 처리 중 오류 (https://n.news.naver.com/mnews/article/023/0003952225?sid=102): {'message': "Could not find the 'is_ai_generated' column of 'news_articles' in the schema cache", 'code': 'PGRST204', 'hint': None, 'details': None}
❌ 처리 중 오류 (https://n.news.naver.com/mnews/article/422/0000821396?sid=102): {'message': "Could not find the 'is_ai_generated' column of 'news_articles' in the schema cache", 'code': 'PGRST204', 'hint': None, 'details': None}
❌ 처리 중 오류 (https://n.news.naver.com/mnews/article/015/0005235382?sid=104): {'message': "Could not find the 'is_ai_generated' column of 'news_articles' in the schema cache", 'code': 'PGRST204', 'hint': None, 'details': None}
❌ 처리 중 오류 (https://n.news.naver.com/mnews/article/001/0015838256?sid=101): {'message': "Could not find the 'is_ai_generated' column of 'news_articles' in the schema cache", 'code': 'PGRST204', 'hint': None, 'details': None}
❌ 처리 중 오류 (https://n.news.naver.com/mnews/article/437/0000472909?sid=100): {'message': "Could not find the 'is_ai_generated' column of 'news_articles' in the schema cache", 'code': 'PGRST204', 'hint': None, 'details': None}
✅ [경제] 완료: 10개 처리

📰 [사회] 카테고리 수집 시작...
✅ 필터링 완료: 50개 -> 38개 신규 기사
❌ 처리 중 오류 (https://n.news.naver.com/mnews/article/001/0015839664?sid=104): {'message': "Could not find the 'is_ai_generated' column of 'news_articles' in the schema cache", 'code': 'PGRST204', 'hint': None, 'details': None}
❌ 처리 중 오류 (https://n.news.naver.com/mnews/article/021/0002762778?sid=104): {'message': "Could not find the 'is_ai_generated' column of 'news_articles' in the schema cache", 'code': 'PGRST204', 'hint': None, 'details': None}
❌ 처리 중 오류 (https://n.news.naver.com/mnews/article/009/0005619764?sid=101): {'message': "Could not find the 'is_ai_generated' column of 'news_articles' in the schema cache", 'code': 'PGRST204', 'hint': None, 'details': None}
❌ 처리 중 오류 (https://n.news.naver.com/mnews/article/421/0008706821?sid=102): {'message': "Could not find the 'is_ai_generated' column of 'news_articles' in the schema cache", 'code': 'PGRST204', 'hint': None, 'details': None}
❌ 처리 중 오류 (https://n.news.naver.com/mnews/article/243/0000090987?sid=101): {'message': "Could not find the 'is_ai_generated' column of 'news_articles' in the schema cache", 'code': 'PGRST204', 'hint': None, 'details': None}
❌ 처리 중 오류 (https://n.news.naver.com/mnews/article/001/0015839065?sid=100): {'message': "Could not find the 'is_ai_generated' column of 'news_articles' in the schema cache", 'code': 'PGRST204', 'hint': None, 'details': None}
❌ 처리 중 오류 (https://m.entertain.naver.com/article/311/0001962285): {'message': "Could not find the 'is_ai_generated' column of 'news_articles' in the schema cache", 'code': 'PGRST204', 'hint': None, 'details': None}
❌ 처리 중 오류 (https://n.news.naver.com/mnews/article/023/0003952238?sid=105): {'message': "Could not find the 'is_ai_generated' column of 'news_articles' in the schema cache", 'code': 'PGRST204', 'hint': None, 'details': None}
❌ 처리 중 오류 (https://n.news.naver.com/mnews/article/015/0005234856?sid=102): {'message': "Could not find the 'is_ai_generated' column of 'news_articles' in the schema cache", 'code': 'PGRST204', 'hint': None, 'details': None}
❌ 처리 중 오류 (https://n.news.naver.com/mnews/article/001/0015839056?sid=102): {'message': "Could not find the 'is_ai_generated' column of 'news_articles' in the schema cache", 'code': 'PGRST204', 'hint': None, 'details': None}
✅ [사회] 완료: 10개 처리

📰 [국제] 카테고리 수집 시작...
✅ 필터링 완료: 50개 -> 29개 신규 기사
❌ 처리 중 오류 (https://n.news.naver.com/mnews/article/001/0015839243?sid=102): {'message': "Could not find the 'is_ai_generated' column of 'news_articles' in the schema cache", 'code': 'PGRST204', 'hint': None, 'details': None}
❌ 처리 중 오류 (https://n.news.naver.com/mnews/article/025/0003495714?sid=102): {'message': "Could not find the 'is_ai_generated' column of 'news_articles' in the schema cache", 'code': 'PGRST204', 'hint': None, 'details': None}
❌ 처리 중 오류 (https://n.news.naver.com/mnews/article/366/0001135445?sid=004): {'message': "Could not find the 'is_ai_generated' column of 'news_articles' in the schema cache", 'code': 'PGRST204', 'hint': None, 'details': None}
❌ 처리 중 오류 (https://n.news.naver.com/mnews/article/009/0005619724?sid=102): {'message': "Could not find the 'is_ai_generated' column of 'news_articles' in the schema cache", 'code': 'PGRST204', 'hint': None, 'details': None}
❌ 처리 중 오류 (https://n.news.naver.com/mnews/article/277/0005704802?sid=100): {'message': "Could not find the 'is_ai_generated' column of 'news_articles' in the schema cache", 'code': 'PGRST204', 'hint': None, 'details': None}
✅ [국제] 완료: 5개 처리

📰 [스포츠] 카테고리 수집 시작...
✅ 필터링 완료: 50개 -> 33개 신규 기사
❌ 처리 중 오류 (https://m.sports.naver.com/basketball/article/241/0003487927): {'message': "Could not find the 'is_ai_generated' column of 'news_articles' in the schema cache", 'code': 'PGRST204', 'hint': None, 'details': None}
❌ 처리 중 오류 (https://n.news.naver.com/mnews/article/293/0000077619?sid=105): {'message': "Could not find the 'is_ai_generated' column of 'news_articles' in the schema cache", 'code': 'PGRST204', 'hint': None, 'details': None}
❌ 처리 중 오류 (https://n.news.naver.com/mnews/article/003/0013702632?sid=101): {'message': "Could not find the 'is_ai_generated' column of 'news_articles' in the schema cache", 'code': 'PGRST204', 'hint': None, 'details': None}
❌ 처리 중 오류 (https://n.news.naver.com/mnews/article/662/0000086136?sid=103): {'message': "Could not find the 'is_ai_generated' column of 'news_articles' in the schema cache", 'code': 'PGRST204', 'hint': None, 'details': None}
❌ 처리 중 오류 (https://n.news.naver.com/mnews/article/001/0015837694?sid=101): {'message': "Could not find the 'is_ai_generated' column of 'news_articles' in the schema cache", 'code': 'PGRST204', 'hint': None, 'details': None}
✅ [스포츠] 완료: 5개 처리

📰 [IT과학] 카테고리 수집 시작...
✅ 필터링 완료: 50개 -> 39개 신규 기사
❌ 처리 중 오류 (https://n.news.naver.com/mnews/article/421/0008707203?sid=105): {'message': "Could not find the 'is_ai_generated' column of 'news_articles' in the schema cache", 'code': 'PGRST204', 'hint': None, 'details': None}
❌ 처리 중 오류 (https://n.news.naver.com/mnews/article/003/0013694334?sid=105): {'message': "Could not find the 'is_ai_generated' column of 'news_articles' in the schema cache", 'code': 'PGRST204', 'hint': None, 'details': None}
❌ 처리 중 오류 (https://n.news.naver.com/mnews/article/008/0005301490?sid=102): {'message': "Could not find the 'is_ai_generated' column of 'news_articles' in the schema cache", 'code': 'PGRST204', 'hint': None, 'details': None}
❌ 처리 중 오류 (https://n.news.naver.com/mnews/article/011/0004575799?sid=105): {'message': "Could not find the 'is_ai_generated' column of 'news_articles' in the schema cache", 'code': 'PGRST204', 'hint': None, 'details': None}
❌ 처리 중 오류 (https://n.news.naver.com/mnews/article/029/0003003816?sid=105): {'message': "Could not find the 'is_ai_generated' column of 'news_articles' in the schema cache", 'code': 'PGRST204', 'hint': None, 'details': None}
✅ [IT과학] 완료: 5개 처리

📰 [연예] 카테고리 수집 시작...
✅ 필터링 완료: 50개 -> 45개 신규 기사
❌ 처리 중 오류 (https://n.news.naver.com/mnews/article/023/0003952139?sid=103): {'message': "Could not find the 'is_ai_generated' column of 'news_articles' in the schema cache", 'code': 'PGRST204', 'hint': None, 'details': None}
❌ 처리 중 오류 (https://n.news.naver.com/mnews/article/025/0003495703?sid=102): {'message': "Could not find the 'is_ai_generated' column of 'news_articles' in the schema cache", 'code': 'PGRST204', 'hint': None, 'details': None}
❌ 처리 중 오류 (https://n.news.naver.com/mnews/article/015/0005235386?sid=102): {'message': "Could not find the 'is_ai_generated' column of 'news_articles' in the schema cache", 'code': 'PGRST204', 'hint': None, 'details': None}
❌ 처리 중 오류 (https://n.news.naver.com/mnews/article/052/0002298898?sid=101): {'message': "Could not find the 'is_ai_generated' column of 'news_articles' in the schema cache", 'code': 'PGRST204', 'hint': None, 'details': None}
❌ 처리 중 오류 (https://www.bntnews.co.kr/article/view/bnt202601110028): {'message': "Could not find the 'is_ai_generated' column of 'news_articles' in the schema cache", 'code': 'PGRST204', 'hint': None, 'details': None}
✅ [연예] 완료: 5개 처리

🎉 전체 작업 완료: 총 0개 기사 저장
🚀 작업 시작: 2026-01-11 16:59:32.104637

📰 [정치] 카테고리 수집 시작...
✅ 필터링 완료: 50개 -> 34개 신규 기사
❌ 처리 중 오류 (https://n.news.naver.com/mnews/article/082/0001362103?sid=100): {'message': "Could not find the 'is_ai_generated' column of 'news_articles' in the schema cache", 'code': 'PGRST204', 'hint': None, 'details': None}
❌ 처리 중 오류 (https://n.news.naver.com/mnews/article/052/0002298804?sid=100): {'message': "Could not find the 'is_ai_generated' column of 'news_articles' in the schema cache", 'code': 'PGRST204', 'hint': None, 'details': None}
❌ 처리 중 오류 (https://n.news.naver.com/mnews/article/469/0000908180?sid=100): {'message': "Could not find the 'is_ai_generated' column of 'news_articles' in the schema cache", 'code': 'PGRST204', 'hint': None, 'details': None}
❌ 처리 중 오류 (https://n.news.naver.com/mnews/article/003/0013703689?sid=102): {'message': "Could not find the 'is_ai_generated' column of 'news_articles' in the schema cache", 'code': 'PGRST204', 'hint': None, 'details': None}
❌ 처리 중 오류 (https://n.news.naver.com/mnews/article/088/0000991305?sid=100): {'message': "Could not find the 'is_ai_generated' column of 'news_articles' in the schema cache", 'code': 'PGRST204', 'hint': None, 'details': None}
❌ 처리 중 오류 (https://n.news.naver.com/mnews/article/001/0015839718?sid=104): {'message': "Could not find the 'is_ai_generated' column of 'news_articles' in the schema cache", 'code': 'PGRST204', 'hint': None, 'details': None}
❌ 처리 중 오류 (https://n.news.naver.com/mnews/article/022/0004096544?sid=100): {'message': "Could not find the 'is_ai_generated' column of 'news_articles' in the schema cache", 'code': 'PGRST204', 'hint': None, 'details': None}
❌ 처리 중 오류 (https://n.news.naver.com/mnews/article/023/0003952178?sid=101): {'message': "Could not find the 'is_ai_generated' column of 'news_articles' in the schema cache", 'code': 'PGRST204', 'hint': None, 'details': None}
❌ 처리 중 오류 (https://n.news.naver.com/mnews/article/658/0000131864?sid=100): {'message': "Could not find the 'is_ai_generated' column of 'news_articles' in the schema cache", 'code': 'PGRST204', 'hint': None, 'details': None}
❌ 처리 중 오류 (https://n.news.naver.com/mnews/article/052/0002298847?sid=100): {'message': "Could not find the 'is_ai_generated' column of 'news_articles' in the schema cache", 'code': 'PGRST204', 'hint': None, 'details': None}
❌ 처리 중 오류 (https://n.news.naver.com/mnews/article/002/0002422630?sid=100): {'message': "Could not find the 'is_ai_generated' column of 'news_articles' in the schema cache", 'code': 'PGRST204', 'hint': None, 'details': None}
❌ 처리 중 오류 (https://n.news.naver.com/mnews/article/001/0015840557?sid=104): {'message': "Could not find the 'is_ai_generated' column of 'news_articles' in the schema cache", 'code': 'PGRST204', 'hint': None, 'details': None}
❌ 처리 중 오류 (https://n.news.naver.com/mnews/article/023/0003952032?sid=103): {'message': "Could not find the 'is_ai_generated' column of 'news_articles' in the schema cache", 'code': 'PGRST204', 'hint': None, 'details': None}
❌ 처리 중 오류 (https://n.news.naver.com/mnews/article/014/0005461072?sid=100): {'message': "Could not find the 'is_ai_generated' column of 'news_articles' in the schema cache", 'code': 'PGRST204', 'hint': None, 'details': None}
❌ 처리 중 오류 (https://n.news.naver.com/mnews/article/055/0001322886?sid=100): {'message': "Could not find the 'is_ai_generated' column of 'news_articles' in the schema cache", 'code': 'PGRST204', 'hint': None, 'details': None}
✅ [정치] 완료: 15개 처리

📰 [경제] 카테고리 수집 시작...
✅ 필터링 완료: 50개 -> 39개 신규 기사
❌ 처리 중 오류 (https://n.news.naver.com/mnews/article/001/0015840017?sid=103): {'message': "Could not find the 'is_ai_generated' column of 'news_articles' in the schema cache", 'code': 'PGRST204', 'hint': None, 'details': None}
❌ 처리 중 오류 (https://n.news.naver.com/mnews/article/011/0004577215?sid=101): {'message': "Could not find the 'is_ai_generated' column of 'news_articles' in the schema cache", 'code': 'PGRST204', 'hint': None, 'details': None}
❌ 처리 중 오류 (https://n.news.naver.com/mnews/article/421/0008707208?sid=105): {'message': "Could not find the 'is_ai_generated' column of 'news_articles' in the schema cache", 'code': 'PGRST204', 'hint': None, 'details': None}
❌ 처리 중 오류 (https://n.news.naver.com/mnews/article/057/0001929467?sid=102): {'message': "Could not find the 'is_ai_generated' column of 'news_articles' in the schema cache", 'code': 'PGRST204', 'hint': None, 'details': None}
❌ 처리 중 오류 (https://n.news.naver.com/mnews/article/021/0002762844?sid=102): {'message': "Could not find the 'is_ai_generated' column of 'news_articles' in the schema cache", 'code': 'PGRST204', 'hint': None, 'details': None}
❌ 처리 중 오류 (https://n.news.naver.com/mnews/article/023/0003952225?sid=102): {'message': "Could not find the 'is_ai_generated' column of 'news_articles' in the schema cache", 'code': 'PGRST204', 'hint': None, 'details': None}
❌ 처리 중 오류 (https://n.news.naver.com/mnews/article/422/0000821396?sid=102): {'message': "Could not find the 'is_ai_generated' column of 'news_articles' in the schema cache", 'code': 'PGRST204', 'hint': None, 'details': None}
❌ 처리 중 오류 (https://n.news.naver.com/mnews/article/015/0005235382?sid=104): {'message': "Could not find the 'is_ai_generated' column of 'news_articles' in the schema cache", 'code': 'PGRST204', 'hint': None, 'details': None}
❌ 처리 중 오류 (https://n.news.naver.com/mnews/article/001/0015838256?sid=101): {'message': "Could not find the 'is_ai_generated' column of 'news_articles' in the schema cache", 'code': 'PGRST204', 'hint': None, 'details': None}
❌ 처리 중 오류 (https://n.news.naver.com/mnews/article/437/0000472909?sid=100): {'message': "Could not find the 'is_ai_generated' column of 'news_articles' in the schema cache", 'code': 'PGRST204', 'hint': None, 'details': None}
✅ [경제] 완료: 10개 처리

📰 [사회] 카테고리 수집 시작...
✅ 필터링 완료: 50개 -> 37개 신규 기사
❌ 처리 중 오류 (https://n.news.naver.com/mnews/article/001/0015839664?sid=104): {'message': "Could not find the 'is_ai_generated' column of 'news_articles' in the schema cache", 'code': 'PGRST204', 'hint': None, 'details': None}
❌ 처리 중 오류 (https://n.news.naver.com/mnews/article/021/0002762778?sid=104): {'message': "Could not find the 'is_ai_generated' column of 'news_articles' in the schema cache", 'code': 'PGRST204', 'hint': None, 'details': None}
❌ 처리 중 오류 (https://n.news.naver.com/mnews/article/009/0005619764?sid=101): {'message': "Could not find the 'is_ai_generated' column of 'news_articles' in the schema cache", 'code': 'PGRST204', 'hint': None, 'details': None}
❌ 처리 중 오류 (https://n.news.naver.com/mnews/article/421/0008706821?sid=102): {'message': "Could not find the 'is_ai_generated' column of 'news_articles' in the schema cache", 'code': 'PGRST204', 'hint': None, 'details': None}
❌ 처리 중 오류 (https://n.news.naver.com/mnews/article/243/0000090987?sid=101): {'message': "Could not find the 'is_ai_generated' column of 'news_articles' in the schema cache", 'code': 'PGRST204', 'hint': None, 'details': None}
❌ 처리 중 오류 (https://n.news.naver.com/mnews/article/001/0015839065?sid=100): {'message': "Could not find the 'is_ai_generated' column of 'news_articles' in the schema cache", 'code': 'PGRST204', 'hint': None, 'details': None}
❌ 처리 중 오류 (https://n.news.naver.com/mnews/article/023/0003952238?sid=105): {'message': "Could not find the 'is_ai_generated' column of 'news_articles' in the schema cache", 'code': 'PGRST204', 'hint': None, 'details': None}
❌ 처리 중 오류 (https://m.entertain.naver.com/article/311/0001962285): {'message': "Could not find the 'is_ai_generated' column of 'news_articles' in the schema cache", 'code': 'PGRST204', 'hint': None, 'details': None}
❌ 처리 중 오류 (https://n.news.naver.com/mnews/article/015/0005234856?sid=102): {'message': "Could not find the 'is_ai_generated' column of 'news_articles' in the schema cache", 'code': 'PGRST204', 'hint': None, 'details': None}
❌ 처리 중 오류 (https://www.ajunews.com/view/20260111120410414): {'message': "Could not find the 'is_ai_generated' column of 'news_articles' in the schema cache", 'code': 'PGRST204', 'hint': None, 'details': None}
✅ [사회] 완료: 10개 처리

📰 [국제] 카테고리 수집 시작...
✅ 필터링 완료: 50개 -> 28개 신규 기사
❌ 처리 중 오류 (https://n.news.naver.com/mnews/article/001/0015839243?sid=102): {'message': "Could not find the 'is_ai_generated' column of 'news_articles' in the schema cache", 'code': 'PGRST204', 'hint': None, 'details': None}
❌ 처리 중 오류 (https://n.news.naver.com/mnews/article/025/0003495714?sid=102): {'message': "Could not find the 'is_ai_generated' column of 'news_articles' in the schema cache", 'code': 'PGRST204', 'hint': None, 'details': None}
❌ 처리 중 오류 (https://n.news.naver.com/mnews/article/366/0001135445?sid=004): {'message': "Could not find the 'is_ai_generated' column of 'news_articles' in the schema cache", 'code': 'PGRST204', 'hint': None, 'details': None}
❌ 처리 중 오류 (https://n.news.naver.com/mnews/article/009/0005619724?sid=102): {'message': "Could not find the 'is_ai_generated' column of 'news_articles' in the schema cache", 'code': 'PGRST204', 'hint': None, 'details': None}
❌ 처리 중 오류 (https://n.news.naver.com/mnews/article/421/0008707312?sid=102): {'message': "Could not find the 'is_ai_generated' column of 'news_articles' in the schema cache", 'code': 'PGRST204', 'hint': None, 'details': None}
✅ [국제] 완료: 5개 처리

📰 [스포츠] 카테고리 수집 시작...
✅ 필터링 완료: 50개 -> 34개 신규 기사
❌ 처리 중 오류 (https://n.news.naver.com/mnews/article/293/0000077619?sid=105): {'message': "Could not find the 'is_ai_generated' column of 'news_articles' in the schema cache", 'code': 'PGRST204', 'hint': None, 'details': None}
❌ 처리 중 오류 (https://m.sports.naver.com/basketball/article/241/0003487927): {'message': "Could not find the 'is_ai_generated' column of 'news_articles' in the schema cache", 'code': 'PGRST204', 'hint': None, 'details': None}
❌ 처리 중 오류 (https://n.news.naver.com/mnews/article/003/0013702632?sid=101): {'message': "Could not find the 'is_ai_generated' column of 'news_articles' in the schema cache", 'code': 'PGRST204', 'hint': None, 'details': None}
❌ 처리 중 오류 (https://n.news.naver.com/mnews/article/662/0000086136?sid=103): {'message': "Could not find the 'is_ai_generated' column of 'news_articles' in the schema cache", 'code': 'PGRST204', 'hint': None, 'details': None}
❌ 처리 중 오류 (https://n.news.naver.com/mnews/article/001/0015837694?sid=101): {'message': "Could not find the 'is_ai_generated' column of 'news_articles' in the schema cache", 'code': 'PGRST204', 'hint': None, 'details': None}
✅ [스포츠] 완료: 5개 처리

📰 [IT과학] 카테고리 수집 시작...
✅ 필터링 완료: 50개 -> 39개 신규 기사
❌ 처리 중 오류 (https://n.news.naver.com/mnews/article/421/0008707203?sid=105): {'message': "Could not find the 'is_ai_generated' column of 'news_articles' in the schema cache", 'code': 'PGRST204', 'hint': None, 'details': None}
❌ 처리 중 오류 (https://n.news.naver.com/mnews/article/003/0013694334?sid=105): {'message': "Could not find the 'is_ai_generated' column of 'news_articles' in the schema cache", 'code': 'PGRST204', 'hint': None, 'details': None}
❌ 처리 중 오류 (https://n.news.naver.com/mnews/article/008/0005301490?sid=102): {'message': "Could not find the 'is_ai_generated' column of 'news_articles' in the schema cache", 'code': 'PGRST204', 'hint': None, 'details': None}
❌ 처리 중 오류 (https://n.news.naver.com/mnews/article/011/0004575799?sid=105): {'message': "Could not find the 'is_ai_generated' column of 'news_articles' in the schema cache", 'code': 'PGRST204', 'hint': None, 'details': None}
❌ 처리 중 오류 (https://n.news.naver.com/mnews/article/029/0003003816?sid=105): {'message': "Could not find the 'is_ai_generated' column of 'news_articles' in the schema cache", 'code': 'PGRST204', 'hint': None, 'details': None}
✅ [IT과학] 완료: 5개 처리

📰 [연예] 카테고리 수집 시작...
✅ 필터링 완료: 50개 -> 45개 신규 기사
❌ 처리 중 오류 (https://n.news.naver.com/mnews/article/023/0003952139?sid=103): {'message': "Could not find the 'is_ai_generated' column of 'news_articles' in the schema cache", 'code': 'PGRST204', 'hint': None, 'details': None}
❌ 처리 중 오류 (https://n.news.naver.com/mnews/article/025/0003495703?sid=102): {'message': "Could not find the 'is_ai_generated' column of 'news_articles' in the schema cache", 'code': 'PGRST204', 'hint': None, 'details': None}
❌ 처리 중 오류 (https://n.news.naver.com/mnews/article/052/0002298898?sid=101): {'message': "Could not find the 'is_ai_generated' column of 'news_articles' in the schema cache", 'code': 'PGRST204', 'hint': None, 'details': None}
❌ 처리 중 오류 (https://www.bntnews.co.kr/article/view/bnt202601110028): {'message': "Could not find the 'is_ai_generated' column of 'news_articles' in the schema cache", 'code': 'PGRST204', 'hint': None, 'details': None}
❌ 처리 중 오류 (https://m.entertain.naver.com/article/003/0013703014): {'message': "Could not find the 'is_ai_generated' column of 'news_articles' in the schema cache", 'code': 'PGRST204', 'hint': None, 'details': None}
✅ [연예] 완료: 5개 처리

🎉 전체 작업 완료: 총 0개 기사 저장
🚀 작업 시작: 2026-01-11 17:29:32.093331

📰 [정치] 카테고리 수집 시작...
✅ 필터링 완료: 50개 -> 34개 신규 기사
❌ 처리 중 오류 (https://n.news.naver.com/mnews/article/082/0001362103?sid=100): {'message': "Could not find the 'is_ai_generated' column of 'news_articles' in the schema cache", 'code': 'PGRST204', 'hint': None, 'details': None}
❌ 처리 중 오류 (https://n.news.naver.com/mnews/article/052/0002298804?sid=100): {'message': "Could not find the 'is_ai_generated' column of 'news_articles' in the schema cache", 'code': 'PGRST204', 'hint': None, 'details': None}
❌ 처리 중 오류 (https://n.news.naver.com/mnews/article/469/0000908180?sid=100): {'message': "Could not find the 'is_ai_generated' column of 'news_articles' in the schema cache", 'code': 'PGRST204', 'hint': None, 'details': None}
❌ 처리 중 오류 (https://n.news.naver.com/mnews/article/001/0015840557?sid=104): {'message': "Could not find the 'is_ai_generated' column of 'news_articles' in the schema cache", 'code': 'PGRST204', 'hint': None, 'details': None}
❌ 처리 중 오류 (https://n.news.naver.com/mnews/article/003/0013703689?sid=102): {'message': "Could not find the 'is_ai_generated' column of 'news_articles' in the schema cache", 'code': 'PGRST204', 'hint': None, 'details': None}
❌ 처리 중 오류 (https://n.news.naver.com/mnews/article/088/0000991305?sid=100): {'message': "Could not find the 'is_ai_generated' column of 'news_articles' in the schema cache", 'code': 'PGRST204', 'hint': None, 'details': None}
❌ 처리 중 오류 (https://n.news.naver.com/mnews/article/658/0000131864?sid=100): {'message': "Could not find the 'is_ai_generated' column of 'news_articles' in the schema cache", 'code': 'PGRST204', 'hint': None, 'details': None}
❌ 처리 중 오류 (https://n.news.naver.com/mnews/article/119/0003046840?sid=104): {'message': "Could not find the 'is_ai_generated' column of 'news_articles' in the schema cache", 'code': 'PGRST204', 'hint': None, 'details': None}
❌ 처리 중 오류 (https://n.news.naver.com/mnews/article/022/0004096544?sid=100): {'message': "Could not find the 'is_ai_generated' column of 'news_articles' in the schema cache", 'code': 'PGRST204', 'hint': None, 'details': None}
❌ 처리 중 오류 (https://n.news.naver.com/mnews/article/277/0005705058?sid=104): {'message': "Could not find the 'is_ai_generated' column of 'news_articles' in the schema cache", 'code': 'PGRST204', 'hint': None, 'details': None}
❌ 처리 중 오류 (https://n.news.naver.com/mnews/article/023/0003952178?sid=101): {'message': "Could not find the 'is_ai_generated' column of 'news_articles' in the schema cache", 'code': 'PGRST204', 'hint': None, 'details': None}
❌ 처리 중 오류 (https://n.news.naver.com/mnews/article/052/0002298847?sid=100): {'message': "Could not find the 'is_ai_generated' column of 'news_articles' in the schema cache", 'code': 'PGRST204', 'hint': None, 'details': None}
❌ 처리 중 오류 (https://n.news.naver.com/mnews/article/002/0002422630?sid=100): {'message': "Could not find the 'is_ai_generated' column of 'news_articles' in the schema cache", 'code': 'PGRST204', 'hint': None, 'details': None}
❌ 처리 중 오류 (https://n.news.naver.com/mnews/article/023/0003952032?sid=103): {'message': "Could not find the 'is_ai_generated' column of 'news_articles' in the schema cache", 'code': 'PGRST204', 'hint': None, 'details': None}
❌ 처리 중 오류 (https://n.news.naver.com/mnews/article/014/0005461072?sid=100): {'message': "Could not find the 'is_ai_generated' column of 'news_articles' in the schema cache", 'code': 'PGRST204', 'hint': None, 'details': None}
✅ [정치] 완료: 15개 처리

📰 [경제] 카테고리 수집 시작...
✅ 필터링 완료: 50개 -> 38개 신규 기사
❌ 처리 중 오류 (https://n.news.naver.com/mnews/article/001/0015840017?sid=103): {'message': "Could not find the 'is_ai_generated' column of 'news_articles' in the schema cache", 'code': 'PGRST204', 'hint': None, 'details': None}
❌ 처리 중 오류 (https://n.news.naver.com/mnews/article/421/0008707208?sid=105): {'message': "Could not find the 'is_ai_generated' column of 'news_articles' in the schema cache", 'code': 'PGRST204', 'hint': None, 'details': None}
❌ 처리 중 오류 (https://n.news.naver.com/mnews/article/057/0001929467?sid=102): {'message': "Could not find the 'is_ai_generated' column of 'news_articles' in the schema cache", 'code': 'PGRST204', 'hint': None, 'details': None}
❌ 처리 중 오류 (https://n.news.naver.com/mnews/article/011/0004577215?sid=101): {'message': "Could not find the 'is_ai_generated' column of 'news_articles' in the schema cache", 'code': 'PGRST204', 'hint': None, 'details': None}
❌ 처리 중 오류 (https://n.news.naver.com/mnews/article/021/0002762844?sid=102): {'message': "Could not find the 'is_ai_generated' column of 'news_articles' in the schema cache", 'code': 'PGRST204', 'hint': None, 'details': None}
❌ 처리 중 오류 (https://n.news.naver.com/mnews/article/023/0003952225?sid=102): {'message': "Could not find the 'is_ai_generated' column of 'news_articles' in the schema cache", 'code': 'PGRST204', 'hint': None, 'details': None}
❌ 처리 중 오류 (https://n.news.naver.com/mnews/article/422/0000821396?sid=102): {'message': "Could not find the 'is_ai_generated' column of 'news_articles' in the schema cache", 'code': 'PGRST204', 'hint': None, 'details': None}
❌ 처리 중 오류 (https://n.news.naver.com/mnews/article/015/0005235382?sid=104): {'message': "Could not find the 'is_ai_generated' column of 'news_articles' in the schema cache", 'code': 'PGRST204', 'hint': None, 'details': None}
❌ 처리 중 오류 (https://n.news.naver.com/mnews/article/001/0015838256?sid=101): {'message': "Could not find the 'is_ai_generated' column of 'news_articles' in the schema cache", 'code': 'PGRST204', 'hint': None, 'details': None}
❌ 처리 중 오류 (https://n.news.naver.com/mnews/article/001/0015840489?sid=102): {'message': "Could not find the 'is_ai_generated' column of 'news_articles' in the schema cache", 'code': 'PGRST204', 'hint': None, 'details': None}
✅ [경제] 완료: 10개 처리

📰 [사회] 카테고리 수집 시작...
✅ 필터링 완료: 50개 -> 36개 신규 기사
❌ 처리 중 오류 (https://n.news.naver.com/mnews/article/056/0012102521?sid=100): {'message': "Could not find the 'is_ai_generated' column of 'news_articles' in the schema cache", 'code': 'PGRST204', 'hint': None, 'details': None}
❌ 처리 중 오류 (https://n.news.naver.com/mnews/article/001/0015839664?sid=104): {'message': "Could not find the 'is_ai_generated' column of 'news_articles' in the schema cache", 'code': 'PGRST204', 'hint': None, 'details': None}
❌ 처리 중 오류 (https://n.news.naver.com/mnews/article/021/0002762778?sid=104): {'message': "Could not find the 'is_ai_generated' column of 'news_articles' in the schema cache", 'code': 'PGRST204', 'hint': None, 'details': None}
❌ 처리 중 오류 (https://m.entertain.naver.com/article/421/0008707364): {'message': "Could not find the 'is_ai_generated' column of 'news_articles' in the schema cache", 'code': 'PGRST204', 'hint': None, 'details': None}
❌ 처리 중 오류 (https://n.news.naver.com/mnews/article/243/0000090987?sid=101): {'message': "Could not find the 'is_ai_generated' column of 'news_articles' in the schema cache", 'code': 'PGRST204', 'hint': None, 'details': None}
❌ 처리 중 오류 (https://n.news.naver.com/mnews/article/001/0015839065?sid=100): {'message': "Could not find the 'is_ai_generated' column of 'news_articles' in the schema cache", 'code': 'PGRST204', 'hint': None, 'details': None}
❌ 처리 중 오류 (https://n.news.naver.com/mnews/article/009/0005619764?sid=101): {'message': "Could not find the 'is_ai_generated' column of 'news_articles' in the schema cache", 'code': 'PGRST204', 'hint': None, 'details': None}
❌ 처리 중 오류 (https://n.news.naver.com/mnews/article/421/0008706821?sid=102): {'message': "Could not find the 'is_ai_generated' column of 'news_articles' in the schema cache", 'code': 'PGRST204', 'hint': None, 'details': None}
❌ 처리 중 오류 (https://n.news.naver.com/mnews/article/023/0003952238?sid=105): {'message': "Could not find the 'is_ai_generated' column of 'news_articles' in the schema cache", 'code': 'PGRST204', 'hint': None, 'details': None}
❌ 처리 중 오류 (https://m.entertain.naver.com/article/311/0001962285): {'message': "Could not find the 'is_ai_generated' column of 'news_articles' in the schema cache", 'code': 'PGRST204', 'hint': None, 'details': None}
✅ [사회] 완료: 10개 처리

📰 [국제] 카테고리 수집 시작...
✅ 필터링 완료: 50개 -> 28개 신규 기사
❌ 처리 중 오류 (https://n.news.naver.com/mnews/article/001/0015839243?sid=102): {'message': "Could not find the 'is_ai_generated' column of 'news_articles' in the schema cache", 'code': 'PGRST204', 'hint': None, 'details': None}
❌ 처리 중 오류 (https://n.news.naver.com/mnews/article/025/0003495714?sid=102): {'message': "Could not find the 'is_ai_generated' column of 'news_articles' in the schema cache", 'code': 'PGRST204', 'hint': None, 'details': None}
❌ 처리 중 오류 (https://n.news.naver.com/mnews/article/009/0005619724?sid=102): {'message': "Could not find the 'is_ai_generated' column of 'news_articles' in the schema cache", 'code': 'PGRST204', 'hint': None, 'details': None}
❌ 처리 중 오류 (https://n.news.naver.com/mnews/article/366/0001135445?sid=004): {'message': "Could not find the 'is_ai_generated' column of 'news_articles' in the schema cache", 'code': 'PGRST204', 'hint': None, 'details': None}
❌ 처리 중 오류 (https://n.news.naver.com/mnews/article/421/0008707312?sid=102): {'message': "Could not find the 'is_ai_generated' column of 'news_articles' in the schema cache", 'code': 'PGRST204', 'hint': None, 'details': None}
✅ [국제] 완료: 5개 처리

📰 [스포츠] 카테고리 수집 시작...
✅ 필터링 완료: 50개 -> 34개 신규 기사
❌ 처리 중 오류 (https://n.news.naver.com/mnews/article/053/0000054944?sid=101): {'message': "Could not find the 'is_ai_generated' column of 'news_articles' in the schema cache", 'code': 'PGRST204', 'hint': None, 'details': None}
❌ 처리 중 오류 (https://n.news.naver.com/mnews/article/293/0000077619?sid=105): {'message': "Could not find the 'is_ai_generated' column of 'news_articles' in the schema cache", 'code': 'PGRST204', 'hint': None, 'details': None}
❌ 처리 중 오류 (https://m.sports.naver.com/basketball/article/241/0003487927): {'message': "Could not find the 'is_ai_generated' column of 'news_articles' in the schema cache", 'code': 'PGRST204', 'hint': None, 'details': None}
❌ 처리 중 오류 (https://n.news.naver.com/mnews/article/662/0000086136?sid=103): {'message': "Could not find the 'is_ai_generated' column of 'news_articles' in the schema cache", 'code': 'PGRST204', 'hint': None, 'details': None}
❌ 처리 중 오류 (https://n.news.naver.com/mnews/article/003/0013702632?sid=101): {'message': "Could not find the 'is_ai_generated' column of 'news_articles' in the schema cache", 'code': 'PGRST204', 'hint': None, 'details': None}
✅ [스포츠] 완료: 5개 처리

📰 [IT과학] 카테고리 수집 시작...
✅ 필터링 완료: 50개 -> 39개 신규 기사
❌ 처리 중 오류 (https://n.news.naver.com/mnews/article/421/0008707203?sid=105): {'message': "Could not find the 'is_ai_generated' column of 'news_articles' in the schema cache", 'code': 'PGRST204', 'hint': None, 'details': None}
❌ 처리 중 오류 (https://n.news.naver.com/mnews/article/003/0013694334?sid=105): {'message': "Could not find the 'is_ai_generated' column of 'news_articles' in the schema cache", 'code': 'PGRST204', 'hint': None, 'details': None}
❌ 처리 중 오류 (https://n.news.naver.com/mnews/article/008/0005301490?sid=102): {'message': "Could not find the 'is_ai_generated' column of 'news_articles' in the schema cache", 'code': 'PGRST204', 'hint': None, 'details': None}
❌ 처리 중 오류 (https://n.news.naver.com/mnews/article/011/0004575799?sid=105): {'message': "Could not find the 'is_ai_generated' column of 'news_articles' in the schema cache", 'code': 'PGRST204', 'hint': None, 'details': None}
❌ 처리 중 오류 (https://n.news.naver.com/mnews/article/029/0003003816?sid=105): {'message': "Could not find the 'is_ai_generated' column of 'news_articles' in the schema cache", 'code': 'PGRST204', 'hint': None, 'details': None}
✅ [IT과학] 완료: 5개 처리

📰 [연예] 카테고리 수집 시작...
✅ 필터링 완료: 50개 -> 45개 신규 기사
❌ 처리 중 오류 (https://n.news.naver.com/mnews/article/023/0003952139?sid=103): {'message': "Could not find the 'is_ai_generated' column of 'news_articles' in the schema cache", 'code': 'PGRST204', 'hint': None, 'details': None}
❌ 처리 중 오류 (https://n.news.naver.com/mnews/article/025/0003495703?sid=102): {'message': "Could not find the 'is_ai_generated' column of 'news_articles' in the schema cache", 'code': 'PGRST204', 'hint': None, 'details': None}
❌ 처리 중 오류 (https://n.news.naver.com/mnews/article/052/0002298898?sid=101): {'message': "Could not find the 'is_ai_generated' column of 'news_articles' in the schema cache", 'code': 'PGRST204', 'hint': None, 'details': None}
❌ 처리 중 오류 (https://www.bntnews.co.kr/article/view/bnt202601110028): {'message': "Could not find the 'is_ai_generated' column of 'news_articles' in the schema cache", 'code': 'PGRST204', 'hint': None, 'details': None}
❌ 처리 중 오류 (https://m.entertain.naver.com/article/003/0013703014): {'message': "Could not find the 'is_ai_generated' column of 'news_articles' in the schema cache", 'code': 'PGRST204', 'hint': None, 'details': None}
✅ [연예] 완료: 5개 처리

🎉 전체 작업 완료: 총 0개 기사 저장
🚀 작업 시작: 2026-01-11 17:59:32.092518

📰 [정치] 카테고리 수집 시작...
✅ 필터링 완료: 50개 -> 34개 신규 기사
❌ 처리 중 오류 (https://n.news.naver.com/mnews/article/082/0001362103?sid=100): {'message': "Could not find the 'is_ai_generated' column of 'news_articles' in the schema cache", 'code': 'PGRST204', 'hint': None, 'details': None}
❌ 처리 중 오류 (https://n.news.naver.com/mnews/article/277/0005705058?sid=104): {'message': "Could not find the 'is_ai_generated' column of 'news_articles' in the schema cache", 'code': 'PGRST204', 'hint': None, 'details': None}
❌ 처리 중 오류 (https://n.news.naver.com/mnews/article/052/0002298804?sid=100): {'message': "Could not find the 'is_ai_generated' column of 'news_articles' in the schema cache", 'code': 'PGRST204', 'hint': None, 'details': None}
❌ 처리 중 오류 (https://n.news.naver.com/mnews/article/469/0000908180?sid=100): {'message': "Could not find the 'is_ai_generated' column of 'news_articles' in the schema cache", 'code': 'PGRST204', 'hint': None, 'details': None}
❌ 처리 중 오류 (https://n.news.naver.com/mnews/article/001/0015840557?sid=104): {'message': "Could not find the 'is_ai_generated' column of 'news_articles' in the schema cache", 'code': 'PGRST204', 'hint': None, 'details': None}
❌ 처리 중 오류 (https://n.news.naver.com/mnews/article/003/0013703689?sid=102): {'message': "Could not find the 'is_ai_generated' column of 'news_articles' in the schema cache", 'code': 'PGRST204', 'hint': None, 'details': None}
❌ 처리 중 오류 (https://n.news.naver.com/mnews/article/088/0000991305?sid=100): {'message': "Could not find the 'is_ai_generated' column of 'news_articles' in the schema cache", 'code': 'PGRST204', 'hint': None, 'details': None}
❌ 처리 중 오류 (https://n.news.naver.com/mnews/article/119/0003046840?sid=104): {'message': "Could not find the 'is_ai_generated' column of 'news_articles' in the schema cache", 'code': 'PGRST204', 'hint': None, 'details': None}
❌ 처리 중 오류 (https://n.news.naver.com/mnews/article/658/0000131864?sid=100): {'message': "Could not find the 'is_ai_generated' column of 'news_articles' in the schema cache", 'code': 'PGRST204', 'hint': None, 'details': None}
❌ 처리 중 오류 (https://n.news.naver.com/mnews/article/029/0003004184?sid=110): {'message': "Could not find the 'is_ai_generated' column of 'news_articles' in the schema cache", 'code': 'PGRST204', 'hint': None, 'details': None}
❌ 처리 중 오류 (https://n.news.naver.com/mnews/article/022/0004096544?sid=100): {'message': "Could not find the 'is_ai_generated' column of 'news_articles' in the schema cache", 'code': 'PGRST204', 'hint': None, 'details': None}
❌ 처리 중 오류 (https://n.news.naver.com/mnews/article/023/0003952178?sid=101): {'message': "Could not find the 'is_ai_generated' column of 'news_articles' in the schema cache", 'code': 'PGRST204', 'hint': None, 'details': None}
❌ 처리 중 오류 (https://n.news.naver.com/mnews/article/052/0002298847?sid=100): {'message': "Could not find the 'is_ai_generated' column of 'news_articles' in the schema cache", 'code': 'PGRST204', 'hint': None, 'details': None}
❌ 처리 중 오류 (https://n.news.naver.com/mnews/article/002/0002422630?sid=100): {'message': "Could not find the 'is_ai_generated' column of 'news_articles' in the schema cache", 'code': 'PGRST204', 'hint': None, 'details': None}
❌ 처리 중 오류 (https://n.news.naver.com/mnews/article/020/0003688404?sid=100): {'message': "Could not find the 'is_ai_generated' column of 'news_articles' in the schema cache", 'code': 'PGRST204', 'hint': None, 'details': None}
✅ [정치] 완료: 15개 처리

📰 [경제] 카테고리 수집 시작...
✅ 필터링 완료: 50개 -> 38개 신규 기사
❌ 처리 중 오류 (https://n.news.naver.com/mnews/article/001/0015840017?sid=103): {'message': "Could not find the 'is_ai_generated' column of 'news_articles' in the schema cache", 'code': 'PGRST204', 'hint': None, 'details': None}
❌ 처리 중 오류 (https://n.news.naver.com/mnews/article/421/0008707208?sid=105): {'message': "Could not find the 'is_ai_generated' column of 'news_articles' in the schema cache", 'code': 'PGRST204', 'hint': None, 'details': None}
❌ 처리 중 오류 (https://n.news.naver.com/mnews/article/057/0001929467?sid=102): {'message': "Could not find the 'is_ai_generated' column of 'news_articles' in the schema cache", 'code': 'PGRST204', 'hint': None, 'details': None}
❌ 처리 중 오류 (https://n.news.naver.com/mnews/article/011/0004577215?sid=101): {'message': "Could not find the 'is_ai_generated' column of 'news_articles' in the schema cache", 'code': 'PGRST204', 'hint': None, 'details': None}
❌ 처리 중 오류 (https://n.news.naver.com/mnews/article/021/0002762844?sid=102): {'message': "Could not find the 'is_ai_generated' column of 'news_articles' in the schema cache", 'code': 'PGRST204', 'hint': None, 'details': None}
❌ 처리 중 오류 (https://n.news.naver.com/mnews/article/023/0003952225?sid=102): {'message': "Could not find the 'is_ai_generated' column of 'news_articles' in the schema cache", 'code': 'PGRST204', 'hint': None, 'details': None}
❌ 처리 중 오류 (https://n.news.naver.com/mnews/article/422/0000821396?sid=102): {'message': "Could not find the 'is_ai_generated' column of 'news_articles' in the schema cache", 'code': 'PGRST204', 'hint': None, 'details': None}
❌ 처리 중 오류 (https://n.news.naver.com/mnews/article/015/0005235382?sid=104): {'message': "Could not find the 'is_ai_generated' column of 'news_articles' in the schema cache", 'code': 'PGRST204', 'hint': None, 'details': None}
❌ 처리 중 오류 (https://n.news.naver.com/mnews/article/001/0015838256?sid=101): {'message': "Could not find the 'is_ai_generated' column of 'news_articles' in the schema cache", 'code': 'PGRST204', 'hint': None, 'details': None}
❌ 처리 중 오류 (https://n.news.naver.com/mnews/article/001/0015840489?sid=102): {'message': "Could not find the 'is_ai_generated' column of 'news_articles' in the schema cache", 'code': 'PGRST204', 'hint': None, 'details': None}
✅ [경제] 완료: 10개 처리

📰 [사회] 카테고리 수집 시작...
✅ 필터링 완료: 50개 -> 36개 신규 기사
❌ 처리 중 오류 (https://n.news.naver.com/mnews/article/056/0012102521?sid=100): {'message': "Could not find the 'is_ai_generated' column of 'news_articles' in the schema cache", 'code': 'PGRST204', 'hint': None, 'details': None}
❌ 처리 중 오류 (https://n.news.naver.com/mnews/article/001/0015839664?sid=104): {'message': "Could not find the 'is_ai_generated' column of 'news_articles' in the schema cache", 'code': 'PGRST204', 'hint': None, 'details': None}
❌ 처리 중 오류 (https://n.news.naver.com/mnews/article/021/0002762778?sid=104): {'message': "Could not find the 'is_ai_generated' column of 'news_articles' in the schema cache", 'code': 'PGRST204', 'hint': None, 'details': None}
❌ 처리 중 오류 (https://m.entertain.naver.com/article/421/0008707364): {'message': "Could not find the 'is_ai_generated' column of 'news_articles' in the schema cache", 'code': 'PGRST204', 'hint': None, 'details': None}
❌ 처리 중 오류 (https://n.news.naver.com/mnews/article/001/0015839065?sid=100): {'message': "Could not find the 'is_ai_generated' column of 'news_articles' in the schema cache", 'code': 'PGRST204', 'hint': None, 'details': None}
❌ 처리 중 오류 (https://n.news.naver.com/mnews/article/031/0000995919?sid=101): {'message': "Could not find the 'is_ai_generated' column of 'news_articles' in the schema cache", 'code': 'PGRST204', 'hint': None, 'details': None}
❌ 처리 중 오류 (https://n.news.naver.com/mnews/article/009/0005619764?sid=101): {'message': "Could not find the 'is_ai_generated' column of 'news_articles' in the schema cache", 'code': 'PGRST204', 'hint': None, 'details': None}
❌ 처리 중 오류 (https://n.news.naver.com/mnews/article/382/0001247300?sid=101): {'message': "Could not find the 'is_ai_generated' column of 'news_articles' in the schema cache", 'code': 'PGRST204', 'hint': None, 'details': None}
❌ 처리 중 오류 (https://n.news.naver.com/mnews/article/421/0008706821?sid=102): {'message': "Could not find the 'is_ai_generated' column of 'news_articles' in the schema cache", 'code': 'PGRST204', 'hint': None, 'details': None}
❌ 처리 중 오류 (https://n.news.naver.com/mnews/article/023/0003952238?sid=105): {'message': "Could not find the 'is_ai_generated' column of 'news_articles' in the schema cache", 'code': 'PGRST204', 'hint': None, 'details': None}
✅ [사회] 완료: 10개 처리

📰 [국제] 카테고리 수집 시작...
✅ 필터링 완료: 50개 -> 27개 신규 기사
❌ 처리 중 오류 (https://n.news.naver.com/mnews/article/001/0015839243?sid=102): {'message': "Could not find the 'is_ai_generated' column of 'news_articles' in the schema cache", 'code': 'PGRST204', 'hint': None, 'details': None}
❌ 처리 중 오류 (https://n.news.naver.com/mnews/article/025/0003495714?sid=102): {'message': "Could not find the 'is_ai_generated' column of 'news_articles' in the schema cache", 'code': 'PGRST204', 'hint': None, 'details': None}
❌ 처리 중 오류 (https://n.news.naver.com/mnews/article/009/0005619724?sid=102): {'message': "Could not find the 'is_ai_generated' column of 'news_articles' in the schema cache", 'code': 'PGRST204', 'hint': None, 'details': None}
❌ 처리 중 오류 (https://n.news.naver.com/mnews/article/421/0008707312?sid=102): {'message': "Could not find the 'is_ai_generated' column of 'news_articles' in the schema cache", 'code': 'PGRST204', 'hint': None, 'details': None}
❌ 처리 중 오류 (https://n.news.naver.com/mnews/article/277/0005704802?sid=100): {'message': "Could not find the 'is_ai_generated' column of 'news_articles' in the schema cache", 'code': 'PGRST204', 'hint': None, 'details': None}
✅ [국제] 완료: 5개 처리

📰 [스포츠] 카테고리 수집 시작...
✅ 필터링 완료: 50개 -> 36개 신규 기사
❌ 처리 중 오류 (https://n.news.naver.com/mnews/article/053/0000054944?sid=101): {'message': "Could not find the 'is_ai_generated' column of 'news_articles' in the schema cache", 'code': 'PGRST204', 'hint': None, 'details': None}
❌ 처리 중 오류 (https://n.news.naver.com/mnews/article/293/0000077619?sid=105): {'message': "Could not find the 'is_ai_generated' column of 'news_articles' in the schema cache", 'code': 'PGRST204', 'hint': None, 'details': None}
❌ 처리 중 오류 (https://m.sports.naver.com/basketball/article/241/0003487927): {'message': "Could not find the 'is_ai_generated' column of 'news_articles' in the schema cache", 'code': 'PGRST204', 'hint': None, 'details': None}
❌ 처리 중 오류 (https://n.news.naver.com/mnews/article/662/0000086136?sid=103): {'message': "Could not find the 'is_ai_generated' column of 'news_articles' in the schema cache", 'code': 'PGRST204', 'hint': None, 'details': None}
❌ 처리 중 오류 (https://n.news.naver.com/mnews/article/003/0013702632?sid=101): {'message': "Could not find the 'is_ai_generated' column of 'news_articles' in the schema cache", 'code': 'PGRST204', 'hint': None, 'details': None}
✅ [스포츠] 완료: 5개 처리

📰 [IT과학] 카테고리 수집 시작...
✅ 필터링 완료: 50개 -> 39개 신규 기사
❌ 처리 중 오류 (https://n.news.naver.com/mnews/article/421/0008707203?sid=105): {'message': "Could not find the 'is_ai_generated' column of 'news_articles' in the schema cache", 'code': 'PGRST204', 'hint': None, 'details': None}
❌ 처리 중 오류 (https://n.news.naver.com/mnews/article/003/0013694334?sid=105): {'message': "Could not find the 'is_ai_generated' column of 'news_articles' in the schema cache", 'code': 'PGRST204', 'hint': None, 'details': None}
❌ 처리 중 오류 (https://n.news.naver.com/mnews/article/008/0005301490?sid=102): {'message': "Could not find the 'is_ai_generated' column of 'news_articles' in the schema cache", 'code': 'PGRST204', 'hint': None, 'details': None}
❌ 처리 중 오류 (https://n.news.naver.com/mnews/article/011/0004575799?sid=105): {'message': "Could not find the 'is_ai_generated' column of 'news_articles' in the schema cache", 'code': 'PGRST204', 'hint': None, 'details': None}
❌ 처리 중 오류 (https://n.news.naver.com/mnews/article/029/0003003816?sid=105): {'message': "Could not find the 'is_ai_generated' column of 'news_articles' in the schema cache", 'code': 'PGRST204', 'hint': None, 'details': None}
✅ [IT과학] 완료: 5개 처리

📰 [연예] 카테고리 수집 시작...
✅ 필터링 완료: 50개 -> 45개 신규 기사
❌ 처리 중 오류 (https://n.news.naver.com/mnews/article/023/0003952139?sid=103): {'message': "Could not find the 'is_ai_generated' column of 'news_articles' in the schema cache", 'code': 'PGRST204', 'hint': None, 'details': None}
❌ 처리 중 오류 (https://n.news.naver.com/mnews/article/025/0003495703?sid=102): {'message': "Could not find the 'is_ai_generated' column of 'news_articles' in the schema cache", 'code': 'PGRST204', 'hint': None, 'details': None}
❌ 처리 중 오류 (https://n.news.naver.com/mnews/article/052/0002298898?sid=101): {'message': "Could not find the 'is_ai_generated' column of 'news_articles' in the schema cache", 'code': 'PGRST204', 'hint': None, 'details': None}
❌ 처리 중 오류 (https://www.bntnews.co.kr/article/view/bnt202601110028): {'message': "Could not find the 'is_ai_generated' column of 'news_articles' in the schema cache", 'code': 'PGRST204', 'hint': None, 'details': None}
❌ 처리 중 오류 (https://m.entertain.naver.com/article/003/0013703014): {'message': "Could not find the 'is_ai_generated' column of 'news_articles' in the schema cache", 'code': 'PGRST204', 'hint': None, 'details': None}
✅ [연예] 완료: 5개 처리

🎉 전체 작업 완료: 총 0개 기사 저장
🚀 작업 시작: 2026-01-11 18:29:32.108358

📰 [정치] 카테고리 수집 시작...
✅ 필터링 완료: 50개 -> 35개 신규 기사
❌ 처리 중 오류 (https://n.news.naver.com/mnews/article/082/0001362103?sid=100): {'message': "Could not find the 'is_ai_generated' column of 'news_articles' in the schema cache", 'code': 'PGRST204', 'hint': None, 'details': None}
❌ 처리 중 오류 (https://n.news.naver.com/mnews/article/277/0005705058?sid=104): {'message': "Could not find the 'is_ai_generated' column of 'news_articles' in the schema cache", 'code': 'PGRST204', 'hint': None, 'details': None}
❌ 처리 중 오류 (https://n.news.naver.com/mnews/article/052/0002298804?sid=100): {'message': "Could not find the 'is_ai_generated' column of 'news_articles' in the schema cache", 'code': 'PGRST204', 'hint': None, 'details': None}
❌ 처리 중 오류 (https://n.news.naver.com/mnews/article/469/0000908180?sid=100): {'message': "Could not find the 'is_ai_generated' column of 'news_articles' in the schema cache", 'code': 'PGRST204', 'hint': None, 'details': None}
❌ 처리 중 오류 (https://n.news.naver.com/mnews/article/001/0015840557?sid=104): {'message': "Could not find the 'is_ai_generated' column of 'news_articles' in the schema cache", 'code': 'PGRST204', 'hint': None, 'details': None}
❌ 처리 중 오류 (https://n.news.naver.com/mnews/article/003/0013703689?sid=102): {'message': "Could not find the 'is_ai_generated' column of 'news_articles' in the schema cache", 'code': 'PGRST204', 'hint': None, 'details': None}
❌ 처리 중 오류 (https://n.news.naver.com/mnews/article/088/0000991305?sid=100): {'message': "Could not find the 'is_ai_generated' column of 'news_articles' in the schema cache", 'code': 'PGRST204', 'hint': None, 'details': None}
❌ 처리 중 오류 (https://n.news.naver.com/mnews/article/119/0003046840?sid=104): {'message': "Could not find the 'is_ai_generated' column of 'news_articles' in the schema cache", 'code': 'PGRST204', 'hint': None, 'details': None}
❌ 처리 중 오류 (https://n.news.naver.com/mnews/article/658/0000131864?sid=100): {'message': "Could not find the 'is_ai_generated' column of 'news_articles' in the schema cache", 'code': 'PGRST204', 'hint': None, 'details': None}
❌ 처리 중 오류 (https://n.news.naver.com/mnews/article/029/0003004184?sid=110): {'message': "Could not find the 'is_ai_generated' column of 'news_articles' in the schema cache", 'code': 'PGRST204', 'hint': None, 'details': None}
❌ 처리 중 오류 (https://n.news.naver.com/mnews/article/022/0004096544?sid=100): {'message': "Could not find the 'is_ai_generated' column of 'news_articles' in the schema cache", 'code': 'PGRST204', 'hint': None, 'details': None}
❌ 처리 중 오류 (https://n.news.naver.com/mnews/article/023/0003952178?sid=101): {'message': "Could not find the 'is_ai_generated' column of 'news_articles' in the schema cache", 'code': 'PGRST204', 'hint': None, 'details': None}
❌ 처리 중 오류 (https://n.news.naver.com/mnews/article/052/0002298847?sid=100): {'message': "Could not find the 'is_ai_generated' column of 'news_articles' in the schema cache", 'code': 'PGRST204', 'hint': None, 'details': None}
❌ 처리 중 오류 (https://n.news.naver.com/mnews/article/029/0003004197?sid=104): {'message': "Could not find the 'is_ai_generated' column of 'news_articles' in the schema cache", 'code': 'PGRST204', 'hint': None, 'details': None}
❌ 처리 중 오류 (https://n.news.naver.com/mnews/article/014/0005461072?sid=100): {'message': "Could not find the 'is_ai_generated' column of 'news_articles' in the schema cache", 'code': 'PGRST204', 'hint': None, 'details': None}
✅ [정치] 완료: 15개 처리

📰 [경제] 카테고리 수집 시작...
✅ 필터링 완료: 50개 -> 39개 신규 기사
❌ 처리 중 오류 (https://n.news.naver.com/mnews/article/001/0015840017?sid=103): {'message': "Could not find the 'is_ai_generated' column of 'news_articles' in the schema cache", 'code': 'PGRST204', 'hint': None, 'details': None}
❌ 처리 중 오류 (https://n.news.naver.com/mnews/article/421/0008707208?sid=105): {'message': "Could not find the 'is_ai_generated' column of 'news_articles' in the schema cache", 'code': 'PGRST204', 'hint': None, 'details': None}
❌ 처리 중 오류 (https://n.news.naver.com/mnews/article/057/0001929467?sid=102): {'message': "Could not find the 'is_ai_generated' column of 'news_articles' in the schema cache", 'code': 'PGRST204', 'hint': None, 'details': None}
❌ 처리 중 오류 (https://n.news.naver.com/mnews/article/021/0002762844?sid=102): {'message': "Could not find the 'is_ai_generated' column of 'news_articles' in the schema cache", 'code': 'PGRST204', 'hint': None, 'details': None}
❌ 처리 중 오류 (https://n.news.naver.com/mnews/article/023/0003952225?sid=102): {'message': "Could not find the 'is_ai_generated' column of 'news_articles' in the schema cache", 'code': 'PGRST204', 'hint': None, 'details': None}
❌ 처리 중 오류 (https://n.news.naver.com/mnews/article/011/0004577215?sid=101): {'message': "Could not find the 'is_ai_generated' column of 'news_articles' in the schema cache", 'code': 'PGRST204', 'hint': None, 'details': None}
❌ 처리 중 오류 (https://n.news.naver.com/mnews/article/422/0000821396?sid=102): {'message': "Could not find the 'is_ai_generated' column of 'news_articles' in the schema cache", 'code': 'PGRST204', 'hint': None, 'details': None}
❌ 처리 중 오류 (https://n.news.naver.com/mnews/article/015/0005235382?sid=104): {'message': "Could not find the 'is_ai_generated' column of 'news_articles' in the schema cache", 'code': 'PGRST204', 'hint': None, 'details': None}
❌ 처리 중 오류 (https://n.news.naver.com/mnews/article/001/0015838256?sid=101): {'message': "Could not find the 'is_ai_generated' column of 'news_articles' in the schema cache", 'code': 'PGRST204', 'hint': None, 'details': None}
❌ 처리 중 오류 (https://n.news.naver.com/mnews/article/011/0004577155?sid=101): {'message': "Could not find the 'is_ai_generated' column of 'news_articles' in the schema cache", 'code': 'PGRST204', 'hint': None, 'details': None}
✅ [경제] 완료: 10개 처리

📰 [사회] 카테고리 수집 시작...
✅ 필터링 완료: 50개 -> 37개 신규 기사
❌ 처리 중 오류 (https://n.news.naver.com/mnews/article/056/0012102521?sid=100): {'message': "Could not find the 'is_ai_generated' column of 'news_articles' in the schema cache", 'code': 'PGRST204', 'hint': None, 'details': None}
❌ 처리 중 오류 (https://n.news.naver.com/mnews/article/001/0015839664?sid=104): {'message': "Could not find the 'is_ai_generated' column of 'news_articles' in the schema cache", 'code': 'PGRST204', 'hint': None, 'details': None}
❌ 처리 중 오류 (https://n.news.naver.com/mnews/article/021/0002762778?sid=104): {'message': "Could not find the 'is_ai_generated' column of 'news_articles' in the schema cache", 'code': 'PGRST204', 'hint': None, 'details': None}
❌ 처리 중 오류 (https://m.entertain.naver.com/article/421/0008707364): {'message': "Could not find the 'is_ai_generated' column of 'news_articles' in the schema cache", 'code': 'PGRST204', 'hint': None, 'details': None}
❌ 처리 중 오류 (https://n.news.naver.com/mnews/article/382/0001247300?sid=101): {'message': "Could not find the 'is_ai_generated' column of 'news_articles' in the schema cache", 'code': 'PGRST204', 'hint': None, 'details': None}
❌ 처리 중 오류 (https://n.news.naver.com/mnews/article/421/0008707410?sid=104): {'message': "Could not find the 'is_ai_generated' column of 'news_articles' in the schema cache", 'code': 'PGRST204', 'hint': None, 'details': None}
❌ 처리 중 오류 (https://n.news.naver.com/mnews/article/001/0015839065?sid=100): {'message': "Could not find the 'is_ai_generated' column of 'news_articles' in the schema cache", 'code': 'PGRST204', 'hint': None, 'details': None}
❌ 처리 중 오류 (https://n.news.naver.com/mnews/article/031/0000995919?sid=101): {'message': "Could not find the 'is_ai_generated' column of 'news_articles' in the schema cache", 'code': 'PGRST204', 'hint': None, 'details': None}
❌ 처리 중 오류 (https://n.news.naver.com/mnews/article/009/0005619764?sid=101): {'message': "Could not find the 'is_ai_generated' column of 'news_articles' in the schema cache", 'code': 'PGRST204', 'hint': None, 'details': None}
❌ 처리 중 오류 (https://n.news.naver.com/mnews/article/421/0008706821?sid=102): {'message': "Could not find the 'is_ai_generated' column of 'news_articles' in the schema cache", 'code': 'PGRST204', 'hint': None, 'details': None}
✅ [사회] 완료: 10개 처리

📰 [국제] 카테고리 수집 시작...
✅ 필터링 완료: 50개 -> 28개 신규 기사
❌ 처리 중 오류 (https://n.news.naver.com/mnews/article/001/0015839243?sid=102): {'message': "Could not find the 'is_ai_generated' column of 'news_articles' in the schema cache", 'code': 'PGRST204', 'hint': None, 'details': None}
❌ 처리 중 오류 (https://m.sports.naver.com/general/article/658/0000131892): {'message': "Could not find the 'is_ai_generated' column of 'news_articles' in the schema cache", 'code': 'PGRST204', 'hint': None, 'details': None}
❌ 처리 중 오류 (https://n.news.naver.com/mnews/article/421/0008707410?sid=104): {'message': "Could not find the 'is_ai_generated' column of 'news_articles' in the schema cache", 'code': 'PGRST204', 'hint': None, 'details': None}
❌ 처리 중 오류 (https://n.news.naver.com/mnews/article/025/0003495714?sid=102): {'message': "Could not find the 'is_ai_generated' column of 'news_articles' in the schema cache", 'code': 'PGRST204', 'hint': None, 'details': None}
❌ 처리 중 오류 (https://n.news.naver.com/mnews/article/366/0001135445?sid=004): {'message': "Could not find the 'is_ai_generated' column of 'news_articles' in the schema cache", 'code': 'PGRST204', 'hint': None, 'details': None}
✅ [국제] 완료: 5개 처리

📰 [스포츠] 카테고리 수집 시작...
✅ 필터링 완료: 50개 -> 36개 신규 기사
❌ 처리 중 오류 (https://n.news.naver.com/mnews/article/053/0000054944?sid=101): {'message': "Could not find the 'is_ai_generated' column of 'news_articles' in the schema cache", 'code': 'PGRST204', 'hint': None, 'details': None}
❌ 처리 중 오류 (https://n.news.naver.com/mnews/article/293/0000077619?sid=105): {'message': "Could not find the 'is_ai_generated' column of 'news_articles' in the schema cache", 'code': 'PGRST204', 'hint': None, 'details': None}
❌ 처리 중 오류 (https://m.sports.naver.com/basketball/article/241/0003487927): {'message': "Could not find the 'is_ai_generated' column of 'news_articles' in the schema cache", 'code': 'PGRST204', 'hint': None, 'details': None}
❌ 처리 중 오류 (https://n.news.naver.com/mnews/article/662/0000086136?sid=103): {'message': "Could not find the 'is_ai_generated' column of 'news_articles' in the schema cache", 'code': 'PGRST204', 'hint': None, 'details': None}
❌ 처리 중 오류 (https://n.news.naver.com/mnews/article/003/0013702632?sid=101): {'message': "Could not find the 'is_ai_generated' column of 'news_articles' in the schema cache", 'code': 'PGRST204', 'hint': None, 'details': None}
✅ [스포츠] 완료: 5개 처리

📰 [IT과학] 카테고리 수집 시작...
✅ 필터링 완료: 50개 -> 39개 신규 기사
❌ 처리 중 오류 (https://n.news.naver.com/mnews/article/421/0008707203?sid=105): {'message': "Could not find the 'is_ai_generated' column of 'news_articles' in the schema cache", 'code': 'PGRST204', 'hint': None, 'details': None}
❌ 처리 중 오류 (https://n.news.naver.com/mnews/article/003/0013694334?sid=105): {'message': "Could not find the 'is_ai_generated' column of 'news_articles' in the schema cache", 'code': 'PGRST204', 'hint': None, 'details': None}
❌ 처리 중 오류 (https://n.news.naver.com/mnews/article/008/0005301490?sid=102): {'message': "Could not find the 'is_ai_generated' column of 'news_articles' in the schema cache", 'code': 'PGRST204', 'hint': None, 'details': None}
❌ 처리 중 오류 (https://n.news.naver.com/mnews/article/011/0004575799?sid=105): {'message': "Could not find the 'is_ai_generated' column of 'news_articles' in the schema cache", 'code': 'PGRST204', 'hint': None, 'details': None}
❌ 처리 중 오류 (https://n.news.naver.com/mnews/article/029/0003003816?sid=105): {'message': "Could not find the 'is_ai_generated' column of 'news_articles' in the schema cache", 'code': 'PGRST204', 'hint': None, 'details': None}
✅ [IT과학] 완료: 5개 처리

📰 [연예] 카테고리 수집 시작...
✅ 필터링 완료: 50개 -> 45개 신규 기사
❌ 처리 중 오류 (https://n.news.naver.com/mnews/article/023/0003952139?sid=103): {'message': "Could not find the 'is_ai_generated' column of 'news_articles' in the schema cache", 'code': 'PGRST204', 'hint': None, 'details': None}
❌ 처리 중 오류 (https://n.news.naver.com/mnews/article/025/0003495703?sid=102): {'message': "Could not find the 'is_ai_generated' column of 'news_articles' in the schema cache", 'code': 'PGRST204', 'hint': None, 'details': None}
❌ 처리 중 오류 (https://n.news.naver.com/mnews/article/052/0002298898?sid=101): {'message': "Could not find the 'is_ai_generated' column of 'news_articles' in the schema cache", 'code': 'PGRST204', 'hint': None, 'details': None}
❌ 처리 중 오류 (https://www.bntnews.co.kr/article/view/bnt202601110028): {'message': "Could not find the 'is_ai_generated' column of 'news_articles' in the schema cache", 'code': 'PGRST204', 'hint': None, 'details': None}
❌ 처리 중 오류 (https://m.entertain.naver.com/article/003/0013703014): {'message': "Could not find the 'is_ai_generated' column of 'news_articles' in the schema cache", 'code': 'PGRST204', 'hint': None, 'details': None}
✅ [연예] 완료: 5개 처리

🎉 전체 작업 완료: 총 0개 기사 저장
🚀 작업 시작: 2026-01-11 18:59:32.167847

📰 [정치] 카테고리 수집 시작...
✅ 필터링 완료: 50개 -> 34개 신규 기사
❌ 처리 중 오류 (https://n.news.naver.com/mnews/article/277/0005705058?sid=104): {'message': "Could not find the 'is_ai_generated' column of 'news_articles' in the schema cache", 'code': 'PGRST204', 'hint': None, 'details': None}
❌ 처리 중 오류 (https://n.news.naver.com/mnews/article/082/0001362103?sid=100): {'message': "Could not find the 'is_ai_generated' column of 'news_articles' in the schema cache", 'code': 'PGRST204', 'hint': None, 'details': None}
❌ 처리 중 오류 (https://n.news.naver.com/mnews/article/052/0002298804?sid=100): {'message': "Could not find the 'is_ai_generated' column of 'news_articles' in the schema cache", 'code': 'PGRST204', 'hint': None, 'details': None}
❌ 처리 중 오류 (https://n.news.naver.com/mnews/article/001/0015840557?sid=104): {'message': "Could not find the 'is_ai_generated' column of 'news_articles' in the schema cache", 'code': 'PGRST204', 'hint': None, 'details': None}
❌ 처리 중 오류 (https://n.news.naver.com/mnews/article/469/0000908180?sid=100): {'message': "Could not find the 'is_ai_generated' column of 'news_articles' in the schema cache", 'code': 'PGRST204', 'hint': None, 'details': None}
❌ 처리 중 오류 (https://n.news.naver.com/mnews/article/003/0013703689?sid=102): {'message': "Could not find the 'is_ai_generated' column of 'news_articles' in the schema cache", 'code': 'PGRST204', 'hint': None, 'details': None}
❌ 처리 중 오류 (https://n.news.naver.com/mnews/article/088/0000991305?sid=100): {'message': "Could not find the 'is_ai_generated' column of 'news_articles' in the schema cache", 'code': 'PGRST204', 'hint': None, 'details': None}
❌ 처리 중 오류 (https://n.news.naver.com/mnews/article/658/0000131864?sid=100): {'message': "Could not find the 'is_ai_generated' column of 'news_articles' in the schema cache", 'code': 'PGRST204', 'hint': None, 'details': None}
❌ 처리 중 오류 (https://n.news.naver.com/mnews/article/119/0003046840?sid=104): {'message': "Could not find the 'is_ai_generated' column of 'news_articles' in the schema cache", 'code': 'PGRST204', 'hint': None, 'details': None}
❌ 처리 중 오류 (https://n.news.naver.com/mnews/article/014/0005461072?sid=100): {'message': "Could not find the 'is_ai_generated' column of 'news_articles' in the schema cache", 'code': 'PGRST204', 'hint': None, 'details': None}
❌ 처리 중 오류 (https://n.news.naver.com/mnews/article/022/0004096544?sid=100): {'message': "Could not find the 'is_ai_generated' column of 'news_articles' in the schema cache", 'code': 'PGRST204', 'hint': None, 'details': None}
❌ 처리 중 오류 (https://n.news.naver.com/mnews/article/023/0003952178?sid=101): {'message': "Could not find the 'is_ai_generated' column of 'news_articles' in the schema cache", 'code': 'PGRST204', 'hint': None, 'details': None}
❌ 처리 중 오류 (https://n.news.naver.com/mnews/article/052/0002298847?sid=100): {'message': "Could not find the 'is_ai_generated' column of 'news_articles' in the schema cache", 'code': 'PGRST204', 'hint': None, 'details': None}
❌ 처리 중 오류 (https://n.news.naver.com/mnews/article/029/0003004197?sid=104): {'message': "Could not find the 'is_ai_generated' column of 'news_articles' in the schema cache", 'code': 'PGRST204', 'hint': None, 'details': None}
❌ 처리 중 오류 (https://n.news.naver.com/mnews/article/029/0003004184?sid=110): {'message': "Could not find the 'is_ai_generated' column of 'news_articles' in the schema cache", 'code': 'PGRST204', 'hint': None, 'details': None}
✅ [정치] 완료: 15개 처리

📰 [경제] 카테고리 수집 시작...
✅ 필터링 완료: 50개 -> 39개 신규 기사
❌ 처리 중 오류 (https://n.news.naver.com/mnews/article/001/0015840017?sid=103): {'message': "Could not find the 'is_ai_generated' column of 'news_articles' in the schema cache", 'code': 'PGRST204', 'hint': None, 'details': None}
❌ 처리 중 오류 (https://n.news.naver.com/mnews/article/421/0008707208?sid=105): {'message': "Could not find the 'is_ai_generated' column of 'news_articles' in the schema cache", 'code': 'PGRST204', 'hint': None, 'details': None}
❌ 처리 중 오류 (https://n.news.naver.com/mnews/article/057/0001929467?sid=102): {'message': "Could not find the 'is_ai_generated' column of 'news_articles' in the schema cache", 'code': 'PGRST204', 'hint': None, 'details': None}
❌ 처리 중 오류 (https://n.news.naver.com/mnews/article/021/0002762844?sid=102): {'message': "Could not find the 'is_ai_generated' column of 'news_articles' in the schema cache", 'code': 'PGRST204', 'hint': None, 'details': None}
❌ 처리 중 오류 (https://n.news.naver.com/mnews/article/023/0003952225?sid=102): {'message': "Could not find the 'is_ai_generated' column of 'news_articles' in the schema cache", 'code': 'PGRST204', 'hint': None, 'details': None}
❌ 처리 중 오류 (https://n.news.naver.com/mnews/article/011/0004577215?sid=101): {'message': "Could not find the 'is_ai_generated' column of 'news_articles' in the schema cache", 'code': 'PGRST204', 'hint': None, 'details': None}
❌ 처리 중 오류 (https://n.news.naver.com/mnews/article/422/0000821396?sid=102): {'message': "Could not find the 'is_ai_generated' column of 'news_articles' in the schema cache", 'code': 'PGRST204', 'hint': None, 'details': None}
❌ 처리 중 오류 (https://n.news.naver.com/mnews/article/015/0005235382?sid=104): {'message': "Could not find the 'is_ai_generated' column of 'news_articles' in the schema cache", 'code': 'PGRST204', 'hint': None, 'details': None}
❌ 처리 중 오류 (https://n.news.naver.com/mnews/article/011/0004577155?sid=101): {'message': "Could not find the 'is_ai_generated' column of 'news_articles' in the schema cache", 'code': 'PGRST204', 'hint': None, 'details': None}
❌ 처리 중 오류 (https://n.news.naver.com/mnews/article/001/0015838256?sid=101): {'message': "Could not find the 'is_ai_generated' column of 'news_articles' in the schema cache", 'code': 'PGRST204', 'hint': None, 'details': None}
✅ [경제] 완료: 10개 처리

📰 [사회] 카테고리 수집 시작...
✅ 필터링 완료: 50개 -> 38개 신규 기사
❌ 처리 중 오류 (https://n.news.naver.com/mnews/article/056/0012102521?sid=100): {'message': "Could not find the 'is_ai_generated' column of 'news_articles' in the schema cache", 'code': 'PGRST204', 'hint': None, 'details': None}
❌ 처리 중 오류 (https://n.news.naver.com/mnews/article/001/0015839664?sid=104): {'message': "Could not find the 'is_ai_generated' column of 'news_articles' in the schema cache", 'code': 'PGRST204', 'hint': None, 'details': None}
❌ 처리 중 오류 (https://n.news.naver.com/mnews/article/021/0002762778?sid=104): {'message': "Could not find the 'is_ai_generated' column of 'news_articles' in the schema cache", 'code': 'PGRST204', 'hint': None, 'details': None}
❌ 처리 중 오류 (https://n.news.naver.com/mnews/article/382/0001247300?sid=101): {'message': "Could not find the 'is_ai_generated' column of 'news_articles' in the schema cache", 'code': 'PGRST204', 'hint': None, 'details': None}
❌ 처리 중 오류 (https://m.entertain.naver.com/article/421/0008707364): {'message': "Could not find the 'is_ai_generated' column of 'news_articles' in the schema cache", 'code': 'PGRST204', 'hint': None, 'details': None}
❌ 처리 중 오류 (https://n.news.naver.com/mnews/article/421/0008707410?sid=104): {'message': "Could not find the 'is_ai_generated' column of 'news_articles' in the schema cache", 'code': 'PGRST204', 'hint': None, 'details': None}
❌ 처리 중 오류 (https://n.news.naver.com/mnews/article/001/0015839065?sid=100): {'message': "Could not find the 'is_ai_generated' column of 'news_articles' in the schema cache", 'code': 'PGRST204', 'hint': None, 'details': None}
❌ 처리 중 오류 (https://n.news.naver.com/mnews/article/009/0005619764?sid=101): {'message': "Could not find the 'is_ai_generated' column of 'news_articles' in the schema cache", 'code': 'PGRST204', 'hint': None, 'details': None}
❌ 처리 중 오류 (https://n.news.naver.com/mnews/article/031/0000995919?sid=101): {'message': "Could not find the 'is_ai_generated' column of 'news_articles' in the schema cache", 'code': 'PGRST204', 'hint': None, 'details': None}
❌ 처리 중 오류 (https://n.news.naver.com/mnews/article/421/0008706821?sid=102): {'message': "Could not find the 'is_ai_generated' column of 'news_articles' in the schema cache", 'code': 'PGRST204', 'hint': None, 'details': None}
✅ [사회] 완료: 10개 처리

📰 [국제] 카테고리 수집 시작...
✅ 필터링 완료: 50개 -> 29개 신규 기사
❌ 처리 중 오류 (https://n.news.naver.com/mnews/article/001/0015839243?sid=102): {'message': "Could not find the 'is_ai_generated' column of 'news_articles' in the schema cache", 'code': 'PGRST204', 'hint': None, 'details': None}
❌ 처리 중 오류 (https://n.news.naver.com/mnews/article/009/0005619724?sid=102): {'message': "Could not find the 'is_ai_generated' column of 'news_articles' in the schema cache", 'code': 'PGRST204', 'hint': None, 'details': None}
❌ 처리 중 오류 (https://m.sports.naver.com/general/article/658/0000131892): {'message': "Could not find the 'is_ai_generated' column of 'news_articles' in the schema cache", 'code': 'PGRST204', 'hint': None, 'details': None}
❌ 처리 중 오류 (https://n.news.naver.com/mnews/article/421/0008707410?sid=104): {'message': "Could not find the 'is_ai_generated' column of 'news_articles' in the schema cache", 'code': 'PGRST204', 'hint': None, 'details': None}
❌ 처리 중 오류 (https://n.news.naver.com/mnews/article/025/0003495714?sid=102): {'message': "Could not find the 'is_ai_generated' column of 'news_articles' in the schema cache", 'code': 'PGRST204', 'hint': None, 'details': None}
✅ [국제] 완료: 5개 처리

📰 [스포츠] 카테고리 수집 시작...
✅ 필터링 완료: 50개 -> 36개 신규 기사
❌ 처리 중 오류 (https://n.news.naver.com/mnews/article/053/0000054944?sid=101): {'message': "Could not find the 'is_ai_generated' column of 'news_articles' in the schema cache", 'code': 'PGRST204', 'hint': None, 'details': None}
❌ 처리 중 오류 (https://n.news.naver.com/mnews/article/293/0000077619?sid=105): {'message': "Could not find the 'is_ai_generated' column of 'news_articles' in the schema cache", 'code': 'PGRST204', 'hint': None, 'details': None}
❌ 처리 중 오류 (https://m.sports.naver.com/basketball/article/241/0003487927): {'message': "Could not find the 'is_ai_generated' column of 'news_articles' in the schema cache", 'code': 'PGRST204', 'hint': None, 'details': None}
❌ 처리 중 오류 (https://n.news.naver.com/mnews/article/662/0000086136?sid=103): {'message': "Could not find the 'is_ai_generated' column of 'news_articles' in the schema cache", 'code': 'PGRST204', 'hint': None, 'details': None}
❌ 처리 중 오류 (https://n.news.naver.com/mnews/article/003/0013702632?sid=101): {'message': "Could not find the 'is_ai_generated' column of 'news_articles' in the schema cache", 'code': 'PGRST204', 'hint': None, 'details': None}
✅ [스포츠] 완료: 5개 처리

📰 [IT과학] 카테고리 수집 시작...
✅ 필터링 완료: 50개 -> 39개 신규 기사
❌ 처리 중 오류 (https://n.news.naver.com/mnews/article/421/0008707203?sid=105): {'message': "Could not find the 'is_ai_generated' column of 'news_articles' in the schema cache", 'code': 'PGRST204', 'hint': None, 'details': None}
❌ 처리 중 오류 (https://n.news.naver.com/mnews/article/003/0013694334?sid=105): {'message': "Could not find the 'is_ai_generated' column of 'news_articles' in the schema cache", 'code': 'PGRST204', 'hint': None, 'details': None}
❌ 처리 중 오류 (https://n.news.naver.com/mnews/article/008/0005301490?sid=102): {'message': "Could not find the 'is_ai_generated' column of 'news_articles' in the schema cache", 'code': 'PGRST204', 'hint': None, 'details': None}
❌ 처리 중 오류 (https://n.news.naver.com/mnews/article/011/0004575799?sid=105): {'message': "Could not find the 'is_ai_generated' column of 'news_articles' in the schema cache", 'code': 'PGRST204', 'hint': None, 'details': None}
❌ 처리 중 오류 (https://n.news.naver.com/mnews/article/029/0003003816?sid=105): {'message': "Could not find the 'is_ai_generated' column of 'news_articles' in the schema cache", 'code': 'PGRST204', 'hint': None, 'details': None}
✅ [IT과학] 완료: 5개 처리

📰 [연예] 카테고리 수집 시작...
✅ 필터링 완료: 50개 -> 45개 신규 기사
❌ 처리 중 오류 (https://n.news.naver.com/mnews/article/023/0003952139?sid=103): {'message': "Could not find the 'is_ai_generated' column of 'news_articles' in the schema cache", 'code': 'PGRST204', 'hint': None, 'details': None}
❌ 처리 중 오류 (https://n.news.naver.com/mnews/article/025/0003495703?sid=102): {'message': "Could not find the 'is_ai_generated' column of 'news_articles' in the schema cache", 'code': 'PGRST204', 'hint': None, 'details': None}
❌ 처리 중 오류 (https://n.news.naver.com/mnews/article/052/0002298898?sid=101): {'message': "Could not find the 'is_ai_generated' column of 'news_articles' in the schema cache", 'code': 'PGRST204', 'hint': None, 'details': None}
❌ 처리 중 오류 (https://www.bntnews.co.kr/article/view/bnt202601110028): {'message': "Could not find the 'is_ai_generated' column of 'news_articles' in the schema cache", 'code': 'PGRST204', 'hint': None, 'details': None}
❌ 처리 중 오류 (https://m.entertain.naver.com/article/003/0013703014): {'message': "Could not find the 'is_ai_generated' column of 'news_articles' in the schema cache", 'code': 'PGRST204', 'hint': None, 'details': None}
✅ [연예] 완료: 5개 처리

🎉 전체 작업 완료: 총 0개 기사 저장
🚀 작업 시작: 2026-01-11 19:29:32.123529

📰 [정치] 카테고리 수집 시작...
✅ 필터링 완료: 50개 -> 35개 신규 기사
❌ 처리 중 오류 (https://n.news.naver.com/mnews/article/082/0001362103?sid=100): {'message': "Could not find the 'is_ai_generated' column of 'news_articles' in the schema cache", 'code': 'PGRST204', 'hint': None, 'details': None}
❌ 처리 중 오류 (https://n.news.naver.com/mnews/article/277/0005705058?sid=104): {'message': "Could not find the 'is_ai_generated' column of 'news_articles' in the schema cache", 'code': 'PGRST204', 'hint': None, 'details': None}
❌ 처리 중 오류 (https://n.news.naver.com/mnews/article/052/0002298804?sid=100): {'message': "Could not find the 'is_ai_generated' column of 'news_articles' in the schema cache", 'code': 'PGRST204', 'hint': None, 'details': None}
❌ 처리 중 오류 (https://n.news.naver.com/mnews/article/469/0000908180?sid=100): {'message': "Could not find the 'is_ai_generated' column of 'news_articles' in the schema cache", 'code': 'PGRST204', 'hint': None, 'details': None}
❌ 처리 중 오류 (https://n.news.naver.com/mnews/article/001/0015840557?sid=104): {'message': "Could not find the 'is_ai_generated' column of 'news_articles' in the schema cache", 'code': 'PGRST204', 'hint': None, 'details': None}
❌ 처리 중 오류 (https://n.news.naver.com/mnews/article/003/0013703689?sid=102): {'message': "Could not find the 'is_ai_generated' column of 'news_articles' in the schema cache", 'code': 'PGRST204', 'hint': None, 'details': None}
❌ 처리 중 오류 (https://n.news.naver.com/mnews/article/029/0003004204?sid=100): {'message': "Could not find the 'is_ai_generated' column of 'news_articles' in the schema cache", 'code': 'PGRST204', 'hint': None, 'details': None}
❌ 처리 중 오류 (https://n.news.naver.com/mnews/article/088/0000991305?sid=100): {'message': "Could not find the 'is_ai_generated' column of 'news_articles' in the schema cache", 'code': 'PGRST204', 'hint': None, 'details': None}
❌ 처리 중 오류 (https://n.news.naver.com/mnews/article/658/0000131864?sid=100): {'message': "Could not find the 'is_ai_generated' column of 'news_articles' in the schema cache", 'code': 'PGRST204', 'hint': None, 'details': None}
❌ 처리 중 오류 (https://n.news.naver.com/mnews/article/119/0003046840?sid=104): {'message': "Could not find the 'is_ai_generated' column of 'news_articles' in the schema cache", 'code': 'PGRST204', 'hint': None, 'details': None}
❌ 처리 중 오류 (https://n.news.naver.com/mnews/article/014/0005461072?sid=100): {'message': "Could not find the 'is_ai_generated' column of 'news_articles' in the schema cache", 'code': 'PGRST204', 'hint': None, 'details': None}
❌ 처리 중 오류 (https://n.news.naver.com/mnews/article/022/0004096544?sid=100): {'message': "Could not find the 'is_ai_generated' column of 'news_articles' in the schema cache", 'code': 'PGRST204', 'hint': None, 'details': None}
❌ 처리 중 오류 (https://n.news.naver.com/mnews/article/023/0003952178?sid=101): {'message': "Could not find the 'is_ai_generated' column of 'news_articles' in the schema cache", 'code': 'PGRST204', 'hint': None, 'details': None}
❌ 처리 중 오류 (https://n.news.naver.com/mnews/article/052/0002298847?sid=100): {'message': "Could not find the 'is_ai_generated' column of 'news_articles' in the schema cache", 'code': 'PGRST204', 'hint': None, 'details': None}
❌ 처리 중 오류 (https://n.news.naver.com/mnews/article/029/0003004197?sid=104): {'message': "Could not find the 'is_ai_generated' column of 'news_articles' in the schema cache", 'code': 'PGRST204', 'hint': None, 'details': None}
✅ [정치] 완료: 15개 처리

📰 [경제] 카테고리 수집 시작...
✅ 필터링 완료: 50개 -> 39개 신규 기사
❌ 처리 중 오류 (https://n.news.naver.com/mnews/article/001/0015840017?sid=103): {'message': "Could not find the 'is_ai_generated' column of 'news_articles' in the schema cache", 'code': 'PGRST204', 'hint': None, 'details': None}
❌ 처리 중 오류 (https://n.news.naver.com/mnews/article/421/0008707208?sid=105): {'message': "Could not find the 'is_ai_generated' column of 'news_articles' in the schema cache", 'code': 'PGRST204', 'hint': None, 'details': None}
❌ 처리 중 오류 (https://n.news.naver.com/mnews/article/057/0001929467?sid=102): {'message': "Could not find the 'is_ai_generated' column of 'news_articles' in the schema cache", 'code': 'PGRST204', 'hint': None, 'details': None}
❌ 처리 중 오류 (https://n.news.naver.com/mnews/article/021/0002762844?sid=102): {'message': "Could not find the 'is_ai_generated' column of 'news_articles' in the schema cache", 'code': 'PGRST204', 'hint': None, 'details': None}
❌ 처리 중 오류 (https://n.news.naver.com/mnews/article/023/0003952225?sid=102): {'message': "Could not find the 'is_ai_generated' column of 'news_articles' in the schema cache", 'code': 'PGRST204', 'hint': None, 'details': None}
❌ 처리 중 오류 (https://n.news.naver.com/mnews/article/011/0004577215?sid=101): {'message': "Could not find the 'is_ai_generated' column of 'news_articles' in the schema cache", 'code': 'PGRST204', 'hint': None, 'details': None}
❌ 처리 중 오류 (https://n.news.naver.com/mnews/article/422/0000821396?sid=102): {'message': "Could not find the 'is_ai_generated' column of 'news_articles' in the schema cache", 'code': 'PGRST204', 'hint': None, 'details': None}
❌ 처리 중 오류 (https://n.news.naver.com/mnews/article/015/0005235382?sid=104): {'message': "Could not find the 'is_ai_generated' column of 'news_articles' in the schema cache", 'code': 'PGRST204', 'hint': None, 'details': None}
❌ 처리 중 오류 (https://n.news.naver.com/mnews/article/003/0013703781?sid=102): {'message': "Could not find the 'is_ai_generated' column of 'news_articles' in the schema cache", 'code': 'PGRST204', 'hint': None, 'details': None}
❌ 처리 중 오류 (https://n.news.naver.com/mnews/article/011/0004577155?sid=101): {'message': "Could not find the 'is_ai_generated' column of 'news_articles' in the schema cache", 'code': 'PGRST204', 'hint': None, 'details': None}
✅ [경제] 완료: 10개 처리

📰 [사회] 카테고리 수집 시작...
✅ 필터링 완료: 50개 -> 38개 신규 기사
❌ 처리 중 오류 (https://n.news.naver.com/mnews/article/056/0012102521?sid=100): {'message': "Could not find the 'is_ai_generated' column of 'news_articles' in the schema cache", 'code': 'PGRST204', 'hint': None, 'details': None}
❌ 처리 중 오류 (https://n.news.naver.com/mnews/article/001/0015839664?sid=104): {'message': "Could not find the 'is_ai_generated' column of 'news_articles' in the schema cache", 'code': 'PGRST204', 'hint': None, 'details': None}
❌ 처리 중 오류 (https://n.news.naver.com/mnews/article/021/0002762778?sid=104): {'message': "Could not find the 'is_ai_generated' column of 'news_articles' in the schema cache", 'code': 'PGRST204', 'hint': None, 'details': None}
❌ 처리 중 오류 (https://n.news.naver.com/mnews/article/382/0001247300?sid=101): {'message': "Could not find the 'is_ai_generated' column of 'news_articles' in the schema cache", 'code': 'PGRST204', 'hint': None, 'details': None}
❌ 처리 중 오류 (https://m.entertain.naver.com/article/421/0008707364): {'message': "Could not find the 'is_ai_generated' column of 'news_articles' in the schema cache", 'code': 'PGRST204', 'hint': None, 'details': None}
❌ 처리 중 오류 (https://n.news.naver.com/mnews/article/421/0008707410?sid=104): {'message': "Could not find the 'is_ai_generated' column of 'news_articles' in the schema cache", 'code': 'PGRST204', 'hint': None, 'details': None}
❌ 처리 중 오류 (https://n.news.naver.com/mnews/article/001/0015839065?sid=100): {'message': "Could not find the 'is_ai_generated' column of 'news_articles' in the schema cache", 'code': 'PGRST204', 'hint': None, 'details': None}
❌ 처리 중 오류 (https://n.news.naver.com/mnews/article/009/0005619764?sid=101): {'message': "Could not find the 'is_ai_generated' column of 'news_articles' in the schema cache", 'code': 'PGRST204', 'hint': None, 'details': None}
❌ 처리 중 오류 (https://n.news.naver.com/mnews/article/031/0000995919?sid=101): {'message': "Could not find the 'is_ai_generated' column of 'news_articles' in the schema cache", 'code': 'PGRST204', 'hint': None, 'details': None}
❌ 처리 중 오류 (https://n.news.naver.com/mnews/article/421/0008706821?sid=102): {'message': "Could not find the 'is_ai_generated' column of 'news_articles' in the schema cache", 'code': 'PGRST204', 'hint': None, 'details': None}
✅ [사회] 완료: 10개 처리

📰 [국제] 카테고리 수집 시작...
✅ 필터링 완료: 50개 -> 30개 신규 기사
❌ 처리 중 오류 (https://n.news.naver.com/mnews/article/001/0015839243?sid=102): {'message': "Could not find the 'is_ai_generated' column of 'news_articles' in the schema cache", 'code': 'PGRST204', 'hint': None, 'details': None}
❌ 처리 중 오류 (https://n.news.naver.com/mnews/article/009/0005619724?sid=102): {'message': "Could not find the 'is_ai_generated' column of 'news_articles' in the schema cache", 'code': 'PGRST204', 'hint': None, 'details': None}
❌ 처리 중 오류 (https://n.news.naver.com/mnews/article/421/0008707410?sid=104): {'message': "Could not find the 'is_ai_generated' column of 'news_articles' in the schema cache", 'code': 'PGRST204', 'hint': None, 'details': None}
❌ 처리 중 오류 (https://n.news.naver.com/mnews/article/025/0003495714?sid=102): {'message': "Could not find the 'is_ai_generated' column of 'news_articles' in the schema cache", 'code': 'PGRST204', 'hint': None, 'details': None}
❌ 처리 중 오류 (https://m.sports.naver.com/general/article/658/0000131892): {'message': "Could not find the 'is_ai_generated' column of 'news_articles' in the schema cache", 'code': 'PGRST204', 'hint': None, 'details': None}
✅ [국제] 완료: 5개 처리

📰 [스포츠] 카테고리 수집 시작...
✅ 필터링 완료: 50개 -> 36개 신규 기사
❌ 처리 중 오류 (https://n.news.naver.com/mnews/article/003/0013703787?sid=102): {'message': "Could not find the 'is_ai_generated' column of 'news_articles' in the schema cache", 'code': 'PGRST204', 'hint': None, 'details': None}
❌ 처리 중 오류 (https://n.news.naver.com/mnews/article/053/0000054944?sid=101): {'message': "Could not find the 'is_ai_generated' column of 'news_articles' in the schema cache", 'code': 'PGRST204', 'hint': None, 'details': None}
❌ 처리 중 오류 (https://n.news.naver.com/mnews/article/293/0000077619?sid=105): {'message': "Could not find the 'is_ai_generated' column of 'news_articles' in the schema cache", 'code': 'PGRST204', 'hint': None, 'details': None}
❌ 처리 중 오류 (https://m.sports.naver.com/basketball/article/241/0003487927): {'message': "Could not find the 'is_ai_generated' column of 'news_articles' in the schema cache", 'code': 'PGRST204', 'hint': None, 'details': None}
❌ 처리 중 오류 (https://n.news.naver.com/mnews/article/662/0000086136?sid=103): {'message': "Could not find the 'is_ai_generated' column of 'news_articles' in the schema cache", 'code': 'PGRST204', 'hint': None, 'details': None}
✅ [스포츠] 완료: 5개 처리

📰 [IT과학] 카테고리 수집 시작...
✅ 필터링 완료: 50개 -> 39개 신규 기사
❌ 처리 중 오류 (https://n.news.naver.com/mnews/article/421/0008707203?sid=105): {'message': "Could not find the 'is_ai_generated' column of 'news_articles' in the schema cache", 'code': 'PGRST204', 'hint': None, 'details': None}
❌ 처리 중 오류 (https://n.news.naver.com/mnews/article/003/0013694334?sid=105): {'message': "Could not find the 'is_ai_generated' column of 'news_articles' in the schema cache", 'code': 'PGRST204', 'hint': None, 'details': None}
❌ 처리 중 오류 (https://n.news.naver.com/mnews/article/008/0005301490?sid=102): {'message': "Could not find the 'is_ai_generated' column of 'news_articles' in the schema cache", 'code': 'PGRST204', 'hint': None, 'details': None}
❌ 처리 중 오류 (https://n.news.naver.com/mnews/article/011/0004575799?sid=105): {'message': "Could not find the 'is_ai_generated' column of 'news_articles' in the schema cache", 'code': 'PGRST204', 'hint': None, 'details': None}
❌ 처리 중 오류 (https://n.news.naver.com/mnews/article/029/0003003816?sid=105): {'message': "Could not find the 'is_ai_generated' column of 'news_articles' in the schema cache", 'code': 'PGRST204', 'hint': None, 'details': None}
✅ [IT과학] 완료: 5개 처리

📰 [연예] 카테고리 수집 시작...
✅ 필터링 완료: 50개 -> 45개 신규 기사
❌ 처리 중 오류 (https://n.news.naver.com/mnews/article/023/0003952139?sid=103): {'message': "Could not find the 'is_ai_generated' column of 'news_articles' in the schema cache", 'code': 'PGRST204', 'hint': None, 'details': None}
❌ 처리 중 오류 (https://n.news.naver.com/mnews/article/025/0003495703?sid=102): {'message': "Could not find the 'is_ai_generated' column of 'news_articles' in the schema cache", 'code': 'PGRST204', 'hint': None, 'details': None}
❌ 처리 중 오류 (https://n.news.naver.com/mnews/article/052/0002298898?sid=101): {'message': "Could not find the 'is_ai_generated' column of 'news_articles' in the schema cache", 'code': 'PGRST204', 'hint': None, 'details': None}
❌ 처리 중 오류 (https://www.bntnews.co.kr/article/view/bnt202601110028): {'message': "Could not find the 'is_ai_generated' column of 'news_articles' in the schema cache", 'code': 'PGRST204', 'hint': None, 'details': None}
❌ 처리 중 오류 (https://m.entertain.naver.com/article/003/0013703014): {'message': "Could not find the 'is_ai_generated' column of 'news_articles' in the schema cache", 'code': 'PGRST204', 'hint': None, 'details': None}
✅ [연예] 완료: 5개 처리

🎉 전체 작업 완료: 총 0개 기사 저장
🚀 작업 시작: 2026-01-11 19:59:32.103135

📰 [정치] 카테고리 수집 시작...
✅ 필터링 완료: 50개 -> 35개 신규 기사
❌ 처리 중 오류 (https://n.news.naver.com/mnews/article/666/0000092977?sid=100): {'message': "Could not find the 'is_ai_generated' column of 'news_articles' in the schema cache", 'code': 'PGRST204', 'hint': None, 'details': None}
❌ 처리 중 오류 (https://n.news.naver.com/mnews/article/082/0001362103?sid=100): {'message': "Could not find the 'is_ai_generated' column of 'news_articles' in the schema cache", 'code': 'PGRST204', 'hint': None, 'details': None}
❌ 처리 중 오류 (https://n.news.naver.com/mnews/article/277/0005705058?sid=104): {'message': "Could not find the 'is_ai_generated' column of 'news_articles' in the schema cache", 'code': 'PGRST204', 'hint': None, 'details': None}
❌ 처리 중 오류 (https://n.news.naver.com/mnews/article/052/0002298804?sid=100): {'message': "Could not find the 'is_ai_generated' column of 'news_articles' in the schema cache", 'code': 'PGRST204', 'hint': None, 'details': None}
❌ 처리 중 오류 (https://n.news.naver.com/mnews/article/469/0000908180?sid=100): {'message': "Could not find the 'is_ai_generated' column of 'news_articles' in the schema cache", 'code': 'PGRST204', 'hint': None, 'details': None}
❌ 처리 중 오류 (https://n.news.naver.com/mnews/article/003/0013703689?sid=102): {'message': "Could not find the 'is_ai_generated' column of 'news_articles' in the schema cache", 'code': 'PGRST204', 'hint': None, 'details': None}
❌ 처리 중 오류 (https://n.news.naver.com/mnews/article/029/0003004204?sid=100): {'message': "Could not find the 'is_ai_generated' column of 'news_articles' in the schema cache", 'code': 'PGRST204', 'hint': None, 'details': None}
❌ 처리 중 오류 (https://n.news.naver.com/mnews/article/088/0000991305?sid=100): {'message': "Could not find the 'is_ai_generated' column of 'news_articles' in the schema cache", 'code': 'PGRST204', 'hint': None, 'details': None}
❌ 처리 중 오류 (https://n.news.naver.com/mnews/article/658/0000131864?sid=100): {'message': "Could not find the 'is_ai_generated' column of 'news_articles' in the schema cache", 'code': 'PGRST204', 'hint': None, 'details': None}
❌ 처리 중 오류 (https://n.news.naver.com/mnews/article/001/0015840557?sid=104): {'message': "Could not find the 'is_ai_generated' column of 'news_articles' in the schema cache", 'code': 'PGRST204', 'hint': None, 'details': None}
❌ 처리 중 오류 (https://n.news.naver.com/mnews/article/001/0015839718?sid=104): {'message': "Could not find the 'is_ai_generated' column of 'news_articles' in the schema cache", 'code': 'PGRST204', 'hint': None, 'details': None}
❌ 처리 중 오류 (https://n.news.naver.com/mnews/article/014/0005461072?sid=100): {'message': "Could not find the 'is_ai_generated' column of 'news_articles' in the schema cache", 'code': 'PGRST204', 'hint': None, 'details': None}
❌ 처리 중 오류 (https://n.news.naver.com/mnews/article/022/0004096544?sid=100): {'message': "Could not find the 'is_ai_generated' column of 'news_articles' in the schema cache", 'code': 'PGRST204', 'hint': None, 'details': None}
❌ 처리 중 오류 (https://n.news.naver.com/mnews/article/023/0003952178?sid=101): {'message': "Could not find the 'is_ai_generated' column of 'news_articles' in the schema cache", 'code': 'PGRST204', 'hint': None, 'details': None}
❌ 처리 중 오류 (https://n.news.naver.com/mnews/article/052/0002298847?sid=100): {'message': "Could not find the 'is_ai_generated' column of 'news_articles' in the schema cache", 'code': 'PGRST204', 'hint': None, 'details': None}
✅ [정치] 완료: 15개 처리

📰 [경제] 카테고리 수집 시작...
✅ 필터링 완료: 50개 -> 39개 신규 기사
❌ 처리 중 오류 (https://n.news.naver.com/mnews/article/001/0015840017?sid=103): {'message': "Could not find the 'is_ai_generated' column of 'news_articles' in the schema cache", 'code': 'PGRST204', 'hint': None, 'details': None}
❌ 처리 중 오류 (https://n.news.naver.com/mnews/article/421/0008707208?sid=105): {'message': "Could not find the 'is_ai_generated' column of 'news_articles' in the schema cache", 'code': 'PGRST204', 'hint': None, 'details': None}
❌ 처리 중 오류 (https://n.news.naver.com/mnews/article/057/0001929467?sid=102): {'message': "Could not find the 'is_ai_generated' column of 'news_articles' in the schema cache", 'code': 'PGRST204', 'hint': None, 'details': None}
❌ 처리 중 오류 (https://n.news.naver.com/mnews/article/021/0002762844?sid=102): {'message': "Could not find the 'is_ai_generated' column of 'news_articles' in the schema cache", 'code': 'PGRST204', 'hint': None, 'details': None}
❌ 처리 중 오류 (https://n.news.naver.com/mnews/article/023/0003952225?sid=102): {'message': "Could not find the 'is_ai_generated' column of 'news_articles' in the schema cache", 'code': 'PGRST204', 'hint': None, 'details': None}
❌ 처리 중 오류 (https://n.news.naver.com/mnews/article/011/0004577215?sid=101): {'message': "Could not find the 'is_ai_generated' column of 'news_articles' in the schema cache", 'code': 'PGRST204', 'hint': None, 'details': None}
❌ 처리 중 오류 (https://n.news.naver.com/mnews/article/422/0000821396?sid=102): {'message': "Could not find the 'is_ai_generated' column of 'news_articles' in the schema cache", 'code': 'PGRST204', 'hint': None, 'details': None}
❌ 처리 중 오류 (https://n.news.naver.com/mnews/article/015/0005235382?sid=104): {'message': "Could not find the 'is_ai_generated' column of 'news_articles' in the schema cache", 'code': 'PGRST204', 'hint': None, 'details': None}
❌ 처리 중 오류 (https://n.news.naver.com/mnews/article/003/0013703781?sid=102): {'message': "Could not find the 'is_ai_generated' column of 'news_articles' in the schema cache", 'code': 'PGRST204', 'hint': None, 'details': None}
❌ 처리 중 오류 (https://n.news.naver.com/mnews/article/022/0004096752?sid=102): {'message': "Could not find the 'is_ai_generated' column of 'news_articles' in the schema cache", 'code': 'PGRST204', 'hint': None, 'details': None}
✅ [경제] 완료: 10개 처리

📰 [사회] 카테고리 수집 시작...
✅ 필터링 완료: 50개 -> 37개 신규 기사
❌ 처리 중 오류 (https://n.news.naver.com/mnews/article/056/0012102521?sid=100): {'message': "Could not find the 'is_ai_generated' column of 'news_articles' in the schema cache", 'code': 'PGRST204', 'hint': None, 'details': None}
❌ 처리 중 오류 (https://n.news.naver.com/mnews/article/001/0015839664?sid=104): {'message': "Could not find the 'is_ai_generated' column of 'news_articles' in the schema cache", 'code': 'PGRST204', 'hint': None, 'details': None}
❌ 처리 중 오류 (https://n.news.naver.com/mnews/article/382/0001247300?sid=101): {'message': "Could not find the 'is_ai_generated' column of 'news_articles' in the schema cache", 'code': 'PGRST204', 'hint': None, 'details': None}
❌ 처리 중 오류 (https://n.news.naver.com/mnews/article/021/0002762778?sid=104): {'message': "Could not find the 'is_ai_generated' column of 'news_articles' in the schema cache", 'code': 'PGRST204', 'hint': None, 'details': None}
❌ 처리 중 오류 (https://m.entertain.naver.com/article/421/0008707364): {'message': "Could not find the 'is_ai_generated' column of 'news_articles' in the schema cache", 'code': 'PGRST204', 'hint': None, 'details': None}
❌ 처리 중 오류 (https://n.news.naver.com/mnews/article/421/0008707410?sid=104): {'message': "Could not find the 'is_ai_generated' column of 'news_articles' in the schema cache", 'code': 'PGRST204', 'hint': None, 'details': None}
❌ 처리 중 오류 (https://n.news.naver.com/mnews/article/001/0015839065?sid=100): {'message': "Could not find the 'is_ai_generated' column of 'news_articles' in the schema cache", 'code': 'PGRST204', 'hint': None, 'details': None}
❌ 처리 중 오류 (https://n.news.naver.com/mnews/article/009/0005619764?sid=101): {'message': "Could not find the 'is_ai_generated' column of 'news_articles' in the schema cache", 'code': 'PGRST204', 'hint': None, 'details': None}
❌ 처리 중 오류 (https://n.news.naver.com/mnews/article/031/0000995919?sid=101): {'message': "Could not find the 'is_ai_generated' column of 'news_articles' in the schema cache", 'code': 'PGRST204', 'hint': None, 'details': None}
❌ 처리 중 오류 (https://n.news.naver.com/mnews/article/421/0008706821?sid=102): {'message': "Could not find the 'is_ai_generated' column of 'news_articles' in the schema cache", 'code': 'PGRST204', 'hint': None, 'details': None}
✅ [사회] 완료: 10개 처리

📰 [국제] 카테고리 수집 시작...
✅ 필터링 완료: 50개 -> 30개 신규 기사
❌ 처리 중 오류 (https://n.news.naver.com/mnews/article/001/0015839243?sid=102): {'message': "Could not find the 'is_ai_generated' column of 'news_articles' in the schema cache", 'code': 'PGRST204', 'hint': None, 'details': None}
❌ 처리 중 오류 (https://n.news.naver.com/mnews/article/009/0005619724?sid=102): {'message': "Could not find the 'is_ai_generated' column of 'news_articles' in the schema cache", 'code': 'PGRST204', 'hint': None, 'details': None}
❌ 처리 중 오류 (https://n.news.naver.com/mnews/article/421/0008707410?sid=104): {'message': "Could not find the 'is_ai_generated' column of 'news_articles' in the schema cache", 'code': 'PGRST204', 'hint': None, 'details': None}
❌ 처리 중 오류 (https://m.sports.naver.com/general/article/658/0000131892): {'message': "Could not find the 'is_ai_generated' column of 'news_articles' in the schema cache", 'code': 'PGRST204', 'hint': None, 'details': None}
❌ 처리 중 오류 (https://n.news.naver.com/mnews/article/025/0003495714?sid=102): {'message': "Could not find the 'is_ai_generated' column of 'news_articles' in the schema cache", 'code': 'PGRST204', 'hint': None, 'details': None}
✅ [국제] 완료: 5개 처리

📰 [스포츠] 카테고리 수집 시작...
✅ 필터링 완료: 50개 -> 36개 신규 기사
❌ 처리 중 오류 (https://n.news.naver.com/mnews/article/003/0013703787?sid=102): {'message': "Could not find the 'is_ai_generated' column of 'news_articles' in the schema cache", 'code': 'PGRST204', 'hint': None, 'details': None}
❌ 처리 중 오류 (https://n.news.naver.com/mnews/article/053/0000054944?sid=101): {'message': "Could not find the 'is_ai_generated' column of 'news_articles' in the schema cache", 'code': 'PGRST204', 'hint': None, 'details': None}
❌ 처리 중 오류 (https://n.news.naver.com/mnews/article/293/0000077619?sid=105): {'message': "Could not find the 'is_ai_generated' column of 'news_articles' in the schema cache", 'code': 'PGRST204', 'hint': None, 'details': None}
❌ 처리 중 오류 (https://m.sports.naver.com/basketball/article/241/0003487927): {'message': "Could not find the 'is_ai_generated' column of 'news_articles' in the schema cache", 'code': 'PGRST204', 'hint': None, 'details': None}
❌ 처리 중 오류 (https://n.news.naver.com/mnews/article/662/0000086136?sid=103): {'message': "Could not find the 'is_ai_generated' column of 'news_articles' in the schema cache", 'code': 'PGRST204', 'hint': None, 'details': None}
✅ [스포츠] 완료: 5개 처리

📰 [IT과학] 카테고리 수집 시작...
✅ 필터링 완료: 50개 -> 39개 신규 기사
❌ 처리 중 오류 (https://n.news.naver.com/mnews/article/421/0008707203?sid=105): {'message': "Could not find the 'is_ai_generated' column of 'news_articles' in the schema cache", 'code': 'PGRST204', 'hint': None, 'details': None}
❌ 처리 중 오류 (https://n.news.naver.com/mnews/article/003/0013694334?sid=105): {'message': "Could not find the 'is_ai_generated' column of 'news_articles' in the schema cache", 'code': 'PGRST204', 'hint': None, 'details': None}
❌ 처리 중 오류 (https://n.news.naver.com/mnews/article/008/0005301490?sid=102): {'message': "Could not find the 'is_ai_generated' column of 'news_articles' in the schema cache", 'code': 'PGRST204', 'hint': None, 'details': None}
❌ 처리 중 오류 (https://n.news.naver.com/mnews/article/011/0004575799?sid=105): {'message': "Could not find the 'is_ai_generated' column of 'news_articles' in the schema cache", 'code': 'PGRST204', 'hint': None, 'details': None}
❌ 처리 중 오류 (https://n.news.naver.com/mnews/article/029/0003003816?sid=105): {'message': "Could not find the 'is_ai_generated' column of 'news_articles' in the schema cache", 'code': 'PGRST204', 'hint': None, 'details': None}
✅ [IT과학] 완료: 5개 처리

📰 [연예] 카테고리 수집 시작...
✅ 필터링 완료: 50개 -> 45개 신규 기사
❌ 처리 중 오류 (https://n.news.naver.com/mnews/article/023/0003952139?sid=103): {'message': "Could not find the 'is_ai_generated' column of 'news_articles' in the schema cache", 'code': 'PGRST204', 'hint': None, 'details': None}
❌ 처리 중 오류 (https://n.news.naver.com/mnews/article/025/0003495703?sid=102): {'message': "Could not find the 'is_ai_generated' column of 'news_articles' in the schema cache", 'code': 'PGRST204', 'hint': None, 'details': None}
❌ 처리 중 오류 (https://n.news.naver.com/mnews/article/052/0002298898?sid=101): {'message': "Could not find the 'is_ai_generated' column of 'news_articles' in the schema cache", 'code': 'PGRST204', 'hint': None, 'details': None}
❌ 처리 중 오류 (https://www.bntnews.co.kr/article/view/bnt202601110028): {'message': "Could not find the 'is_ai_generated' column of 'news_articles' in the schema cache", 'code': 'PGRST204', 'hint': None, 'details': None}
❌ 처리 중 오류 (https://m.entertain.naver.com/article/003/0013703014): {'message': "Could not find the 'is_ai_generated' column of 'news_articles' in the schema cache", 'code': 'PGRST204', 'hint': None, 'details': None}
✅ [연예] 완료: 5개 처리

🎉 전체 작업 완료: 총 0개 기사 저장
🚀 작업 시작: 2026-01-11 20:29:32.095191

📰 [정치] 카테고리 수집 시작...
✅ 필터링 완료: 50개 -> 36개 신규 기사
❌ 처리 중 오류 (https://n.news.naver.com/mnews/article/001/0015840625?sid=100): {'message': "Could not find the 'is_ai_generated' column of 'news_articles' in the schema cache", 'code': 'PGRST204', 'hint': None, 'details': None}
❌ 처리 중 오류 (https://n.news.naver.com/mnews/article/003/0013703861?sid=100): {'message': "Could not find the 'is_ai_generated' column of 'news_articles' in the schema cache", 'code': 'PGRST204', 'hint': None, 'details': None}
❌ 처리 중 오류 (https://n.news.naver.com/mnews/article/082/0001362103?sid=100): {'message': "Could not find the 'is_ai_generated' column of 'news_articles' in the schema cache", 'code': 'PGRST204', 'hint': None, 'details': None}
❌ 처리 중 오류 (https://n.news.naver.com/mnews/article/277/0005705058?sid=104): {'message': "Could not find the 'is_ai_generated' column of 'news_articles' in the schema cache", 'code': 'PGRST204', 'hint': None, 'details': None}
❌ 처리 중 오류 (https://n.news.naver.com/mnews/article/052/0002298804?sid=100): {'message': "Could not find the 'is_ai_generated' column of 'news_articles' in the schema cache", 'code': 'PGRST204', 'hint': None, 'details': None}
❌ 처리 중 오류 (https://n.news.naver.com/mnews/article/469/0000908180?sid=100): {'message': "Could not find the 'is_ai_generated' column of 'news_articles' in the schema cache", 'code': 'PGRST204', 'hint': None, 'details': None}
❌ 처리 중 오류 (https://n.news.naver.com/mnews/article/029/0003004204?sid=100): {'message': "Could not find the 'is_ai_generated' column of 'news_articles' in the schema cache", 'code': 'PGRST204', 'hint': None, 'details': None}
❌ 처리 중 오류 (https://n.news.naver.com/mnews/article/088/0000991305?sid=100): {'message': "Could not find the 'is_ai_generated' column of 'news_articles' in the schema cache", 'code': 'PGRST204', 'hint': None, 'details': None}
❌ 처리 중 오류 (https://n.news.naver.com/mnews/article/119/0003046840?sid=104): {'message': "Could not find the 'is_ai_generated' column of 'news_articles' in the schema cache", 'code': 'PGRST204', 'hint': None, 'details': None}
❌ 처리 중 오류 (https://n.news.naver.com/mnews/article/003/0013703689?sid=102): {'message': "Could not find the 'is_ai_generated' column of 'news_articles' in the schema cache", 'code': 'PGRST204', 'hint': None, 'details': None}
❌ 처리 중 오류 (https://n.news.naver.com/mnews/article/001/0015840557?sid=104): {'message': "Could not find the 'is_ai_generated' column of 'news_articles' in the schema cache", 'code': 'PGRST204', 'hint': None, 'details': None}
❌ 처리 중 오류 (https://n.news.naver.com/mnews/article/277/0005705082?sid=100): {'message': "Could not find the 'is_ai_generated' column of 'news_articles' in the schema cache", 'code': 'PGRST204', 'hint': None, 'details': None}
❌ 처리 중 오류 (https://n.news.naver.com/mnews/article/658/0000131864?sid=100): {'message': "Could not find the 'is_ai_generated' column of 'news_articles' in the schema cache", 'code': 'PGRST204', 'hint': None, 'details': None}
❌ 처리 중 오류 (https://n.news.naver.com/mnews/article/014/0005461072?sid=100): {'message': "Could not find the 'is_ai_generated' column of 'news_articles' in the schema cache", 'code': 'PGRST204', 'hint': None, 'details': None}
❌ 처리 중 오류 (https://n.news.naver.com/mnews/article/022/0004096544?sid=100): {'message': "Could not find the 'is_ai_generated' column of 'news_articles' in the schema cache", 'code': 'PGRST204', 'hint': None, 'details': None}
✅ [정치] 완료: 15개 처리

📰 [경제] 카테고리 수집 시작...
✅ 필터링 완료: 50개 -> 40개 신규 기사
❌ 처리 중 오류 (https://n.news.naver.com/mnews/article/001/0015840017?sid=103): {'message': "Could not find the 'is_ai_generated' column of 'news_articles' in the schema cache", 'code': 'PGRST204', 'hint': None, 'details': None}
❌ 처리 중 오류 (https://n.news.naver.com/mnews/article/421/0008707208?sid=105): {'message': "Could not find the 'is_ai_generated' column of 'news_articles' in the schema cache", 'code': 'PGRST204', 'hint': None, 'details': None}
❌ 처리 중 오류 (https://n.news.naver.com/mnews/article/057/0001929467?sid=102): {'message': "Could not find the 'is_ai_generated' column of 'news_articles' in the schema cache", 'code': 'PGRST204', 'hint': None, 'details': None}
❌ 처리 중 오류 (https://n.news.naver.com/mnews/article/021/0002762844?sid=102): {'message': "Could not find the 'is_ai_generated' column of 'news_articles' in the schema cache", 'code': 'PGRST204', 'hint': None, 'details': None}
❌ 처리 중 오류 (https://n.news.naver.com/mnews/article/023/0003952225?sid=102): {'message': "Could not find the 'is_ai_generated' column of 'news_articles' in the schema cache", 'code': 'PGRST204', 'hint': None, 'details': None}
❌ 처리 중 오류 (https://n.news.naver.com/mnews/article/422/0000821396?sid=102): {'message': "Could not find the 'is_ai_generated' column of 'news_articles' in the schema cache", 'code': 'PGRST204', 'hint': None, 'details': None}
❌ 처리 중 오류 (https://n.news.naver.com/mnews/article/011/0004577215?sid=101): {'message': "Could not find the 'is_ai_generated' column of 'news_articles' in the schema cache", 'code': 'PGRST204', 'hint': None, 'details': None}
❌ 처리 중 오류 (https://n.news.naver.com/mnews/article/015/0005235382?sid=104): {'message': "Could not find the 'is_ai_generated' column of 'news_articles' in the schema cache", 'code': 'PGRST204', 'hint': None, 'details': None}
❌ 처리 중 오류 (https://n.news.naver.com/mnews/article/003/0013703781?sid=102): {'message': "Could not find the 'is_ai_generated' column of 'news_articles' in the schema cache", 'code': 'PGRST204', 'hint': None, 'details': None}
❌ 처리 중 오류 (https://n.news.naver.com/mnews/article/022/0004096752?sid=102): {'message': "Could not find the 'is_ai_generated' column of 'news_articles' in the schema cache", 'code': 'PGRST204', 'hint': None, 'details': None}
✅ [경제] 완료: 10개 처리

📰 [사회] 카테고리 수집 시작...
✅ 필터링 완료: 50개 -> 37개 신규 기사
❌ 처리 중 오류 (https://n.news.naver.com/mnews/article/056/0012102521?sid=100): {'message': "Could not find the 'is_ai_generated' column of 'news_articles' in the schema cache", 'code': 'PGRST204', 'hint': None, 'details': None}
❌ 처리 중 오류 (https://n.news.naver.com/mnews/article/001/0015839664?sid=104): {'message': "Could not find the 'is_ai_generated' column of 'news_articles' in the schema cache", 'code': 'PGRST204', 'hint': None, 'details': None}
❌ 처리 중 오류 (https://n.news.naver.com/mnews/article/382/0001247300?sid=101): {'message': "Could not find the 'is_ai_generated' column of 'news_articles' in the schema cache", 'code': 'PGRST204', 'hint': None, 'details': None}
❌ 처리 중 오류 (https://n.news.naver.com/mnews/article/021/0002762778?sid=104): {'message': "Could not find the 'is_ai_generated' column of 'news_articles' in the schema cache", 'code': 'PGRST204', 'hint': None, 'details': None}
❌ 처리 중 오류 (https://m.entertain.naver.com/article/421/0008707364): {'message': "Could not find the 'is_ai_generated' column of 'news_articles' in the schema cache", 'code': 'PGRST204', 'hint': None, 'details': None}
❌ 처리 중 오류 (https://n.news.naver.com/mnews/article/421/0008707410?sid=104): {'message': "Could not find the 'is_ai_generated' column of 'news_articles' in the schema cache", 'code': 'PGRST204', 'hint': None, 'details': None}
❌ 처리 중 오류 (https://n.news.naver.com/mnews/article/001/0015839065?sid=100): {'message': "Could not find the 'is_ai_generated' column of 'news_articles' in the schema cache", 'code': 'PGRST204', 'hint': None, 'details': None}
❌ 처리 중 오류 (https://n.news.naver.com/mnews/article/009/0005619764?sid=101): {'message': "Could not find the 'is_ai_generated' column of 'news_articles' in the schema cache", 'code': 'PGRST204', 'hint': None, 'details': None}
❌ 처리 중 오류 (https://n.news.naver.com/mnews/article/031/0000995919?sid=101): {'message': "Could not find the 'is_ai_generated' column of 'news_articles' in the schema cache", 'code': 'PGRST204', 'hint': None, 'details': None}
❌ 처리 중 오류 (https://n.news.naver.com/mnews/article/421/0008706821?sid=102): {'message': "Could not find the 'is_ai_generated' column of 'news_articles' in the schema cache", 'code': 'PGRST204', 'hint': None, 'details': None}
✅ [사회] 완료: 10개 처리

📰 [국제] 카테고리 수집 시작...
✅ 필터링 완료: 50개 -> 31개 신규 기사
❌ 처리 중 오류 (https://n.news.naver.com/mnews/article/001/0015839243?sid=102): {'message': "Could not find the 'is_ai_generated' column of 'news_articles' in the schema cache", 'code': 'PGRST204', 'hint': None, 'details': None}
❌ 처리 중 오류 (https://m.sports.naver.com/general/article/658/0000131892): {'message': "Could not find the 'is_ai_generated' column of 'news_articles' in the schema cache", 'code': 'PGRST204', 'hint': None, 'details': None}
❌ 처리 중 오류 (https://n.news.naver.com/mnews/article/009/0005619724?sid=102): {'message': "Could not find the 'is_ai_generated' column of 'news_articles' in the schema cache", 'code': 'PGRST204', 'hint': None, 'details': None}
❌ 처리 중 오류 (https://n.news.naver.com/mnews/article/421/0008707410?sid=104): {'message': "Could not find the 'is_ai_generated' column of 'news_articles' in the schema cache", 'code': 'PGRST204', 'hint': None, 'details': None}
❌ 처리 중 오류 (https://n.news.naver.com/mnews/article/025/0003495714?sid=102): {'message': "Could not find the 'is_ai_generated' column of 'news_articles' in the schema cache", 'code': 'PGRST204', 'hint': None, 'details': None}
✅ [국제] 완료: 5개 처리

📰 [스포츠] 카테고리 수집 시작...
✅ 필터링 완료: 50개 -> 36개 신규 기사
❌ 처리 중 오류 (https://n.news.naver.com/mnews/article/003/0013703787?sid=102): {'message': "Could not find the 'is_ai_generated' column of 'news_articles' in the schema cache", 'code': 'PGRST204', 'hint': None, 'details': None}
❌ 처리 중 오류 (https://n.news.naver.com/mnews/article/053/0000054944?sid=101): {'message': "Could not find the 'is_ai_generated' column of 'news_articles' in the schema cache", 'code': 'PGRST204', 'hint': None, 'details': None}
❌ 처리 중 오류 (https://n.news.naver.com/mnews/article/293/0000077619?sid=105): {'message': "Could not find the 'is_ai_generated' column of 'news_articles' in the schema cache", 'code': 'PGRST204', 'hint': None, 'details': None}
❌ 처리 중 오류 (https://m.sports.naver.com/basketball/article/241/0003487927): {'message': "Could not find the 'is_ai_generated' column of 'news_articles' in the schema cache", 'code': 'PGRST204', 'hint': None, 'details': None}
❌ 처리 중 오류 (https://n.news.naver.com/mnews/article/662/0000086136?sid=103): {'message': "Could not find the 'is_ai_generated' column of 'news_articles' in the schema cache", 'code': 'PGRST204', 'hint': None, 'details': None}
✅ [스포츠] 완료: 5개 처리

📰 [IT과학] 카테고리 수집 시작...
✅ 필터링 완료: 50개 -> 39개 신규 기사
❌ 처리 중 오류 (https://n.news.naver.com/mnews/article/421/0008707203?sid=105): {'message': "Could not find the 'is_ai_generated' column of 'news_articles' in the schema cache", 'code': 'PGRST204', 'hint': None, 'details': None}
❌ 처리 중 오류 (https://n.news.naver.com/mnews/article/003/0013694334?sid=105): {'message': "Could not find the 'is_ai_generated' column of 'news_articles' in the schema cache", 'code': 'PGRST204', 'hint': None, 'details': None}
❌ 처리 중 오류 (https://n.news.naver.com/mnews/article/008/0005301490?sid=102): {'message': "Could not find the 'is_ai_generated' column of 'news_articles' in the schema cache", 'code': 'PGRST204', 'hint': None, 'details': None}
❌ 처리 중 오류 (https://n.news.naver.com/mnews/article/011/0004575799?sid=105): {'message': "Could not find the 'is_ai_generated' column of 'news_articles' in the schema cache", 'code': 'PGRST204', 'hint': None, 'details': None}
❌ 처리 중 오류 (https://n.news.naver.com/mnews/article/029/0003003816?sid=105): {'message': "Could not find the 'is_ai_generated' column of 'news_articles' in the schema cache", 'code': 'PGRST204', 'hint': None, 'details': None}
✅ [IT과학] 완료: 5개 처리

📰 [연예] 카테고리 수집 시작...
✅ 필터링 완료: 50개 -> 45개 신규 기사
❌ 처리 중 오류 (https://n.news.naver.com/mnews/article/023/0003952139?sid=103): {'message': "Could not find the 'is_ai_generated' column of 'news_articles' in the schema cache", 'code': 'PGRST204', 'hint': None, 'details': None}
❌ 처리 중 오류 (https://n.news.naver.com/mnews/article/025/0003495703?sid=102): {'message': "Could not find the 'is_ai_generated' column of 'news_articles' in the schema cache", 'code': 'PGRST204', 'hint': None, 'details': None}
❌ 처리 중 오류 (https://n.news.naver.com/mnews/article/052/0002298898?sid=101): {'message': "Could not find the 'is_ai_generated' column of 'news_articles' in the schema cache", 'code': 'PGRST204', 'hint': None, 'details': None}
❌ 처리 중 오류 (https://www.bntnews.co.kr/article/view/bnt202601110028): {'message': "Could not find the 'is_ai_generated' column of 'news_articles' in the schema cache", 'code': 'PGRST204', 'hint': None, 'details': None}
❌ 처리 중 오류 (https://m.entertain.naver.com/article/003/0013703014): {'message': "Could not find the 'is_ai_generated' column of 'news_articles' in the schema cache", 'code': 'PGRST204', 'hint': None, 'details': None}
✅ [연예] 완료: 5개 처리

🎉 전체 작업 완료: 총 0개 기사 저장
🚀 작업 시작: 2026-01-11 20:59:32.145941

📰 [정치] 카테고리 수집 시작...
✅ 필터링 완료: 50개 -> 36개 신규 기사
❌ 처리 중 오류 (https://n.news.naver.com/mnews/article/001/0015840625?sid=100): {'message': "Could not find the 'is_ai_generated' column of 'news_articles' in the schema cache", 'code': 'PGRST204', 'hint': None, 'details': None}
❌ 처리 중 오류 (https://n.news.naver.com/mnews/article/003/0013703861?sid=100): {'message': "Could not find the 'is_ai_generated' column of 'news_articles' in the schema cache", 'code': 'PGRST204', 'hint': None, 'details': None}
❌ 처리 중 오류 (https://n.news.naver.com/mnews/article/082/0001362103?sid=100): {'message': "Could not find the 'is_ai_generated' column of 'news_articles' in the schema cache", 'code': 'PGRST204', 'hint': None, 'details': None}
❌ 처리 중 오류 (https://n.news.naver.com/mnews/article/277/0005705058?sid=104): {'message': "Could not find the 'is_ai_generated' column of 'news_articles' in the schema cache", 'code': 'PGRST204', 'hint': None, 'details': None}
❌ 처리 중 오류 (https://n.news.naver.com/mnews/article/052/0002298804?sid=100): {'message': "Could not find the 'is_ai_generated' column of 'news_articles' in the schema cache", 'code': 'PGRST204', 'hint': None, 'details': None}
❌ 처리 중 오류 (https://n.news.naver.com/mnews/article/469/0000908180?sid=100): {'message': "Could not find the 'is_ai_generated' column of 'news_articles' in the schema cache", 'code': 'PGRST204', 'hint': None, 'details': None}
❌ 처리 중 오류 (https://n.news.naver.com/mnews/article/029/0003004204?sid=100): {'message': "Could not find the 'is_ai_generated' column of 'news_articles' in the schema cache", 'code': 'PGRST204', 'hint': None, 'details': None}
❌ 처리 중 오류 (https://n.news.naver.com/mnews/article/088/0000991305?sid=100): {'message': "Could not find the 'is_ai_generated' column of 'news_articles' in the schema cache", 'code': 'PGRST204', 'hint': None, 'details': None}
❌ 처리 중 오류 (https://n.news.naver.com/mnews/article/119/0003046840?sid=104): {'message': "Could not find the 'is_ai_generated' column of 'news_articles' in the schema cache", 'code': 'PGRST204', 'hint': None, 'details': None}
❌ 처리 중 오류 (https://n.news.naver.com/mnews/article/003/0013703689?sid=102): {'message': "Could not find the 'is_ai_generated' column of 'news_articles' in the schema cache", 'code': 'PGRST204', 'hint': None, 'details': None}
❌ 처리 중 오류 (https://n.news.naver.com/mnews/article/001/0015840557?sid=104): {'message': "Could not find the 'is_ai_generated' column of 'news_articles' in the schema cache", 'code': 'PGRST204', 'hint': None, 'details': None}
❌ 처리 중 오류 (https://n.news.naver.com/mnews/article/277/0005705082?sid=100): {'message': "Could not find the 'is_ai_generated' column of 'news_articles' in the schema cache", 'code': 'PGRST204', 'hint': None, 'details': None}
❌ 처리 중 오류 (https://n.news.naver.com/mnews/article/018/0006198466?sid=100): {'message': "Could not find the 'is_ai_generated' column of 'news_articles' in the schema cache", 'code': 'PGRST204', 'hint': None, 'details': None}
❌ 처리 중 오류 (https://n.news.naver.com/mnews/article/658/0000131864?sid=100): {'message': "Could not find the 'is_ai_generated' column of 'news_articles' in the schema cache", 'code': 'PGRST204', 'hint': None, 'details': None}
❌ 처리 중 오류 (https://n.news.naver.com/mnews/article/014/0005461072?sid=100): {'message': "Could not find the 'is_ai_generated' column of 'news_articles' in the schema cache", 'code': 'PGRST204', 'hint': None, 'details': None}
✅ [정치] 완료: 15개 처리

📰 [경제] 카테고리 수집 시작...
✅ 필터링 완료: 50개 -> 40개 신규 기사
❌ 처리 중 오류 (https://n.news.naver.com/mnews/article/001/0015840017?sid=103): {'message': "Could not find the 'is_ai_generated' column of 'news_articles' in the schema cache", 'code': 'PGRST204', 'hint': None, 'details': None}
❌ 처리 중 오류 (https://n.news.naver.com/mnews/article/421/0008707208?sid=105): {'message': "Could not find the 'is_ai_generated' column of 'news_articles' in the schema cache", 'code': 'PGRST204', 'hint': None, 'details': None}
❌ 처리 중 오류 (https://n.news.naver.com/mnews/article/057/0001929467?sid=102): {'message': "Could not find the 'is_ai_generated' column of 'news_articles' in the schema cache", 'code': 'PGRST204', 'hint': None, 'details': None}
❌ 처리 중 오류 (https://n.news.naver.com/mnews/article/021/0002762844?sid=102): {'message': "Could not find the 'is_ai_generated' column of 'news_articles' in the schema cache", 'code': 'PGRST204', 'hint': None, 'details': None}
❌ 처리 중 오류 (https://n.news.naver.com/mnews/article/023/0003952225?sid=102): {'message': "Could not find the 'is_ai_generated' column of 'news_articles' in the schema cache", 'code': 'PGRST204', 'hint': None, 'details': None}
❌ 처리 중 오류 (https://n.news.naver.com/mnews/article/422/0000821396?sid=102): {'message': "Could not find the 'is_ai_generated' column of 'news_articles' in the schema cache", 'code': 'PGRST204', 'hint': None, 'details': None}
❌ 처리 중 오류 (https://n.news.naver.com/mnews/article/015/0005235382?sid=104): {'message': "Could not find the 'is_ai_generated' column of 'news_articles' in the schema cache", 'code': 'PGRST204', 'hint': None, 'details': None}
❌ 처리 중 오류 (https://n.news.naver.com/mnews/article/011/0004577215?sid=101): {'message': "Could not find the 'is_ai_generated' column of 'news_articles' in the schema cache", 'code': 'PGRST204', 'hint': None, 'details': None}
❌ 처리 중 오류 (https://n.news.naver.com/mnews/article/003/0013703781?sid=102): {'message': "Could not find the 'is_ai_generated' column of 'news_articles' in the schema cache", 'code': 'PGRST204', 'hint': None, 'details': None}
❌ 처리 중 오류 (https://n.news.naver.com/mnews/article/022/0004096752?sid=102): {'message': "Could not find the 'is_ai_generated' column of 'news_articles' in the schema cache", 'code': 'PGRST204', 'hint': None, 'details': None}
✅ [경제] 완료: 10개 처리

📰 [사회] 카테고리 수집 시작...
✅ 필터링 완료: 50개 -> 37개 신규 기사
❌ 처리 중 오류 (https://n.news.naver.com/mnews/article/056/0012102521?sid=100): {'message': "Could not find the 'is_ai_generated' column of 'news_articles' in the schema cache", 'code': 'PGRST204', 'hint': None, 'details': None}
❌ 처리 중 오류 (https://n.news.naver.com/mnews/article/001/0015839664?sid=104): {'message': "Could not find the 'is_ai_generated' column of 'news_articles' in the schema cache", 'code': 'PGRST204', 'hint': None, 'details': None}
❌ 처리 중 오류 (https://n.news.naver.com/mnews/article/382/0001247300?sid=101): {'message': "Could not find the 'is_ai_generated' column of 'news_articles' in the schema cache", 'code': 'PGRST204', 'hint': None, 'details': None}
❌ 처리 중 오류 (https://n.news.naver.com/mnews/article/021/0002762778?sid=104): {'message': "Could not find the 'is_ai_generated' column of 'news_articles' in the schema cache", 'code': 'PGRST204', 'hint': None, 'details': None}
❌ 처리 중 오류 (https://m.entertain.naver.com/article/421/0008707364): {'message': "Could not find the 'is_ai_generated' column of 'news_articles' in the schema cache", 'code': 'PGRST204', 'hint': None, 'details': None}
❌ 처리 중 오류 (https://n.news.naver.com/mnews/article/421/0008707410?sid=104): {'message': "Could not find the 'is_ai_generated' column of 'news_articles' in the schema cache", 'code': 'PGRST204', 'hint': None, 'details': None}
❌ 처리 중 오류 (https://n.news.naver.com/mnews/article/001/0015839065?sid=100): {'message': "Could not find the 'is_ai_generated' column of 'news_articles' in the schema cache", 'code': 'PGRST204', 'hint': None, 'details': None}
❌ 처리 중 오류 (https://n.news.naver.com/mnews/article/009/0005619764?sid=101): {'message': "Could not find the 'is_ai_generated' column of 'news_articles' in the schema cache", 'code': 'PGRST204', 'hint': None, 'details': None}
❌ 처리 중 오류 (https://n.news.naver.com/mnews/article/031/0000995919?sid=101): {'message': "Could not find the 'is_ai_generated' column of 'news_articles' in the schema cache", 'code': 'PGRST204', 'hint': None, 'details': None}
❌ 처리 중 오류 (https://n.news.naver.com/mnews/article/421/0008706821?sid=102): {'message': "Could not find the 'is_ai_generated' column of 'news_articles' in the schema cache", 'code': 'PGRST204', 'hint': None, 'details': None}
✅ [사회] 완료: 10개 처리

📰 [국제] 카테고리 수집 시작...
✅ 필터링 완료: 50개 -> 30개 신규 기사
❌ 처리 중 오류 (https://n.news.naver.com/mnews/article/001/0015839243?sid=102): {'message': "Could not find the 'is_ai_generated' column of 'news_articles' in the schema cache", 'code': 'PGRST204', 'hint': None, 'details': None}
❌ 처리 중 오류 (https://n.news.naver.com/mnews/article/009/0005619724?sid=102): {'message': "Could not find the 'is_ai_generated' column of 'news_articles' in the schema cache", 'code': 'PGRST204', 'hint': None, 'details': None}
❌ 처리 중 오류 (https://m.sports.naver.com/general/article/658/0000131892): {'message': "Could not find the 'is_ai_generated' column of 'news_articles' in the schema cache", 'code': 'PGRST204', 'hint': None, 'details': None}
❌ 처리 중 오류 (https://n.news.naver.com/mnews/article/421/0008707410?sid=104): {'message': "Could not find the 'is_ai_generated' column of 'news_articles' in the schema cache", 'code': 'PGRST204', 'hint': None, 'details': None}
❌ 처리 중 오류 (https://n.news.naver.com/mnews/article/025/0003495714?sid=102): {'message': "Could not find the 'is_ai_generated' column of 'news_articles' in the schema cache", 'code': 'PGRST204', 'hint': None, 'details': None}
✅ [국제] 완료: 5개 처리

📰 [스포츠] 카테고리 수집 시작...
✅ 필터링 완료: 50개 -> 36개 신규 기사
❌ 처리 중 오류 (https://n.news.naver.com/mnews/article/003/0013703787?sid=102): {'message': "Could not find the 'is_ai_generated' column of 'news_articles' in the schema cache", 'code': 'PGRST204', 'hint': None, 'details': None}
❌ 처리 중 오류 (https://n.news.naver.com/mnews/article/053/0000054944?sid=101): {'message': "Could not find the 'is_ai_generated' column of 'news_articles' in the schema cache", 'code': 'PGRST204', 'hint': None, 'details': None}
❌ 처리 중 오류 (https://n.news.naver.com/mnews/article/293/0000077619?sid=105): {'message': "Could not find the 'is_ai_generated' column of 'news_articles' in the schema cache", 'code': 'PGRST204', 'hint': None, 'details': None}
❌ 처리 중 오류 (https://m.sports.naver.com/basketball/article/241/0003487927): {'message': "Could not find the 'is_ai_generated' column of 'news_articles' in the schema cache", 'code': 'PGRST204', 'hint': None, 'details': None}
❌ 처리 중 오류 (https://n.news.naver.com/mnews/article/662/0000086136?sid=103): {'message': "Could not find the 'is_ai_generated' column of 'news_articles' in the schema cache", 'code': 'PGRST204', 'hint': None, 'details': None}
✅ [스포츠] 완료: 5개 처리

📰 [IT과학] 카테고리 수집 시작...
✅ 필터링 완료: 50개 -> 39개 신규 기사
❌ 처리 중 오류 (https://n.news.naver.com/mnews/article/421/0008707203?sid=105): {'message': "Could not find the 'is_ai_generated' column of 'news_articles' in the schema cache", 'code': 'PGRST204', 'hint': None, 'details': None}
❌ 처리 중 오류 (https://n.news.naver.com/mnews/article/003/0013694334?sid=105): {'message': "Could not find the 'is_ai_generated' column of 'news_articles' in the schema cache", 'code': 'PGRST204', 'hint': None, 'details': None}
❌ 처리 중 오류 (https://n.news.naver.com/mnews/article/008/0005301490?sid=102): {'message': "Could not find the 'is_ai_generated' column of 'news_articles' in the schema cache", 'code': 'PGRST204', 'hint': None, 'details': None}
❌ 처리 중 오류 (https://n.news.naver.com/mnews/article/011/0004575799?sid=105): {'message': "Could not find the 'is_ai_generated' column of 'news_articles' in the schema cache", 'code': 'PGRST204', 'hint': None, 'details': None}
❌ 처리 중 오류 (https://n.news.naver.com/mnews/article/029/0003003816?sid=105): {'message': "Could not find the 'is_ai_generated' column of 'news_articles' in the schema cache", 'code': 'PGRST204', 'hint': None, 'details': None}
✅ [IT과학] 완료: 5개 처리

📰 [연예] 카테고리 수집 시작...
✅ 필터링 완료: 50개 -> 45개 신규 기사
❌ 처리 중 오류 (https://n.news.naver.com/mnews/article/023/0003952139?sid=103): {'message': "Could not find the 'is_ai_generated' column of 'news_articles' in the schema cache", 'code': 'PGRST204', 'hint': None, 'details': None}
❌ 처리 중 오류 (https://n.news.naver.com/mnews/article/025/0003495703?sid=102): {'message': "Could not find the 'is_ai_generated' column of 'news_articles' in the schema cache", 'code': 'PGRST204', 'hint': None, 'details': None}
❌ 처리 중 오류 (https://n.news.naver.com/mnews/article/052/0002298898?sid=101): {'message': "Could not find the 'is_ai_generated' column of 'news_articles' in the schema cache", 'code': 'PGRST204', 'hint': None, 'details': None}
❌ 처리 중 오류 (https://www.bntnews.co.kr/article/view/bnt202601110028): {'message': "Could not find the 'is_ai_generated' column of 'news_articles' in the schema cache", 'code': 'PGRST204', 'hint': None, 'details': None}
❌ 처리 중 오류 (https://m.entertain.naver.com/article/003/0013703014): {'message': "Could not find the 'is_ai_generated' column of 'news_articles' in the schema cache", 'code': 'PGRST204', 'hint': None, 'details': None}
✅ [연예] 완료: 5개 처리

🎉 전체 작업 완료: 총 0개 기사 저장
🚀 작업 시작: 2026-01-11 21:29:32.210034

📰 [정치] 카테고리 수집 시작...
✅ 필터링 완료: 50개 -> 35개 신규 기사
❌ 처리 중 오류 (https://n.news.naver.com/mnews/article/003/0013703861?sid=100): {'message': "Could not find the 'is_ai_generated' column of 'news_articles' in the schema cache", 'code': 'PGRST204', 'hint': None, 'details': None}
❌ 처리 중 오류 (https://n.news.naver.com/mnews/article/001/0015840625?sid=100): {'message': "Could not find the 'is_ai_generated' column of 'news_articles' in the schema cache", 'code': 'PGRST204', 'hint': None, 'details': None}
❌ 처리 중 오류 (https://n.news.naver.com/mnews/article/277/0005705058?sid=104): {'message': "Could not find the 'is_ai_generated' column of 'news_articles' in the schema cache", 'code': 'PGRST204', 'hint': None, 'details': None}
❌ 처리 중 오류 (https://n.news.naver.com/mnews/article/082/0001362103?sid=100): {'message': "Could not find the 'is_ai_generated' column of 'news_articles' in the schema cache", 'code': 'PGRST204', 'hint': None, 'details': None}
❌ 처리 중 오류 (https://n.news.naver.com/mnews/article/052/0002298804?sid=100): {'message': "Could not find the 'is_ai_generated' column of 'news_articles' in the schema cache", 'code': 'PGRST204', 'hint': None, 'details': None}
❌ 처리 중 오류 (https://n.news.naver.com/mnews/article/469/0000908180?sid=100): {'message': "Could not find the 'is_ai_generated' column of 'news_articles' in the schema cache", 'code': 'PGRST204', 'hint': None, 'details': None}
❌ 처리 중 오류 (https://n.news.naver.com/mnews/article/656/0000162609?sid=100): {'message': "Could not find the 'is_ai_generated' column of 'news_articles' in the schema cache", 'code': 'PGRST204', 'hint': None, 'details': None}
❌ 처리 중 오류 (https://n.news.naver.com/mnews/article/029/0003004204?sid=100): {'message': "Could not find the 'is_ai_generated' column of 'news_articles' in the schema cache", 'code': 'PGRST204', 'hint': None, 'details': None}
❌ 처리 중 오류 (https://n.news.naver.com/mnews/article/088/0000991305?sid=100): {'message': "Could not find the 'is_ai_generated' column of 'news_articles' in the schema cache", 'code': 'PGRST204', 'hint': None, 'details': None}
❌ 처리 중 오류 (https://n.news.naver.com/mnews/article/001/0015840557?sid=104): {'message': "Could not find the 'is_ai_generated' column of 'news_articles' in the schema cache", 'code': 'PGRST204', 'hint': None, 'details': None}
❌ 처리 중 오류 (https://n.news.naver.com/mnews/article/003/0013703689?sid=102): {'message': "Could not find the 'is_ai_generated' column of 'news_articles' in the schema cache", 'code': 'PGRST204', 'hint': None, 'details': None}
❌ 처리 중 오류 (https://n.news.naver.com/mnews/article/277/0005705082?sid=100): {'message': "Could not find the 'is_ai_generated' column of 'news_articles' in the schema cache", 'code': 'PGRST204', 'hint': None, 'details': None}
❌ 처리 중 오류 (https://n.news.naver.com/mnews/article/018/0006198466?sid=100): {'message': "Could not find the 'is_ai_generated' column of 'news_articles' in the schema cache", 'code': 'PGRST204', 'hint': None, 'details': None}
❌ 처리 중 오류 (https://n.news.naver.com/mnews/article/001/0015839718?sid=104): {'message': "Could not find the 'is_ai_generated' column of 'news_articles' in the schema cache", 'code': 'PGRST204', 'hint': None, 'details': None}
❌ 처리 중 오류 (https://n.news.naver.com/mnews/article/658/0000131864?sid=100): {'message': "Could not find the 'is_ai_generated' column of 'news_articles' in the schema cache", 'code': 'PGRST204', 'hint': None, 'details': None}
✅ [정치] 완료: 15개 처리

📰 [경제] 카테고리 수집 시작...
✅ 필터링 완료: 50개 -> 41개 신규 기사
❌ 처리 중 오류 (https://n.news.naver.com/mnews/article/001/0015840017?sid=103): {'message': "Could not find the 'is_ai_generated' column of 'news_articles' in the schema cache", 'code': 'PGRST204', 'hint': None, 'details': None}
❌ 처리 중 오류 (https://n.news.naver.com/mnews/article/421/0008707208?sid=105): {'message': "Could not find the 'is_ai_generated' column of 'news_articles' in the schema cache", 'code': 'PGRST204', 'hint': None, 'details': None}
❌ 처리 중 오류 (https://n.news.naver.com/mnews/article/057/0001929467?sid=102): {'message': "Could not find the 'is_ai_generated' column of 'news_articles' in the schema cache", 'code': 'PGRST204', 'hint': None, 'details': None}
❌ 처리 중 오류 (https://n.news.naver.com/mnews/article/021/0002762844?sid=102): {'message': "Could not find the 'is_ai_generated' column of 'news_articles' in the schema cache", 'code': 'PGRST204', 'hint': None, 'details': None}
❌ 처리 중 오류 (https://n.news.naver.com/mnews/article/023/0003952225?sid=102): {'message': "Could not find the 'is_ai_generated' column of 'news_articles' in the schema cache", 'code': 'PGRST204', 'hint': None, 'details': None}
❌ 처리 중 오류 (https://n.news.naver.com/mnews/article/422/0000821396?sid=102): {'message': "Could not find the 'is_ai_generated' column of 'news_articles' in the schema cache", 'code': 'PGRST204', 'hint': None, 'details': None}
❌ 처리 중 오류 (https://n.news.naver.com/mnews/article/015/0005235382?sid=104): {'message': "Could not find the 'is_ai_generated' column of 'news_articles' in the schema cache", 'code': 'PGRST204', 'hint': None, 'details': None}
❌ 처리 중 오류 (https://n.news.naver.com/mnews/article/003/0013703781?sid=102): {'message': "Could not find the 'is_ai_generated' column of 'news_articles' in the schema cache", 'code': 'PGRST204', 'hint': None, 'details': None}
❌ 처리 중 오류 (https://n.news.naver.com/mnews/article/011/0004577215?sid=101): {'message': "Could not find the 'is_ai_generated' column of 'news_articles' in the schema cache", 'code': 'PGRST204', 'hint': None, 'details': None}
❌ 처리 중 오류 (https://n.news.naver.com/mnews/article/022/0004096752?sid=102): {'message': "Could not find the 'is_ai_generated' column of 'news_articles' in the schema cache", 'code': 'PGRST204', 'hint': None, 'details': None}
✅ [경제] 완료: 10개 처리

📰 [사회] 카테고리 수집 시작...
✅ 필터링 완료: 50개 -> 37개 신규 기사
❌ 처리 중 오류 (https://n.news.naver.com/mnews/article/056/0012102521?sid=100): {'message': "Could not find the 'is_ai_generated' column of 'news_articles' in the schema cache", 'code': 'PGRST204', 'hint': None, 'details': None}
❌ 처리 중 오류 (https://n.news.naver.com/mnews/article/001/0015839664?sid=104): {'message': "Could not find the 'is_ai_generated' column of 'news_articles' in the schema cache", 'code': 'PGRST204', 'hint': None, 'details': None}
❌ 처리 중 오류 (https://n.news.naver.com/mnews/article/382/0001247300?sid=101): {'message': "Could not find the 'is_ai_generated' column of 'news_articles' in the schema cache", 'code': 'PGRST204', 'hint': None, 'details': None}
❌ 처리 중 오류 (https://n.news.naver.com/mnews/article/021/0002762778?sid=104): {'message': "Could not find the 'is_ai_generated' column of 'news_articles' in the schema cache", 'code': 'PGRST204', 'hint': None, 'details': None}
❌ 처리 중 오류 (https://m.entertain.naver.com/article/421/0008707364): {'message': "Could not find the 'is_ai_generated' column of 'news_articles' in the schema cache", 'code': 'PGRST204', 'hint': None, 'details': None}
❌ 처리 중 오류 (https://n.news.naver.com/mnews/article/031/0000995919?sid=101): {'message': "Could not find the 'is_ai_generated' column of 'news_articles' in the schema cache", 'code': 'PGRST204', 'hint': None, 'details': None}
❌ 처리 중 오류 (https://n.news.naver.com/mnews/article/001/0015840706?sid=104): {'message': "Could not find the 'is_ai_generated' column of 'news_articles' in the schema cache", 'code': 'PGRST204', 'hint': None, 'details': None}
❌ 처리 중 오류 (https://n.news.naver.com/mnews/article/421/0008707410?sid=104): {'message': "Could not find the 'is_ai_generated' column of 'news_articles' in the schema cache", 'code': 'PGRST204', 'hint': None, 'details': None}
❌ 처리 중 오류 (https://n.news.naver.com/mnews/article/001/0015839065?sid=100): {'message': "Could not find the 'is_ai_generated' column of 'news_articles' in the schema cache", 'code': 'PGRST204', 'hint': None, 'details': None}
❌ 처리 중 오류 (https://n.news.naver.com/mnews/article/009/0005619764?sid=101): {'message': "Could not find the 'is_ai_generated' column of 'news_articles' in the schema cache", 'code': 'PGRST204', 'hint': None, 'details': None}
✅ [사회] 완료: 10개 처리

📰 [국제] 카테고리 수집 시작...
✅ 필터링 완료: 50개 -> 31개 신규 기사
❌ 처리 중 오류 (https://n.news.naver.com/mnews/article/001/0015839243?sid=102): {'message': "Could not find the 'is_ai_generated' column of 'news_articles' in the schema cache", 'code': 'PGRST204', 'hint': None, 'details': None}
❌ 처리 중 오류 (https://n.news.naver.com/mnews/article/009/0005619724?sid=102): {'message': "Could not find the 'is_ai_generated' column of 'news_articles' in the schema cache", 'code': 'PGRST204', 'hint': None, 'details': None}
❌ 처리 중 오류 (https://m.sports.naver.com/general/article/658/0000131892): {'message': "Could not find the 'is_ai_generated' column of 'news_articles' in the schema cache", 'code': 'PGRST204', 'hint': None, 'details': None}
❌ 처리 중 오류 (https://n.news.naver.com/mnews/article/421/0008707410?sid=104): {'message': "Could not find the 'is_ai_generated' column of 'news_articles' in the schema cache", 'code': 'PGRST204', 'hint': None, 'details': None}
❌ 처리 중 오류 (https://n.news.naver.com/mnews/article/025/0003495714?sid=102): {'message': "Could not find the 'is_ai_generated' column of 'news_articles' in the schema cache", 'code': 'PGRST204', 'hint': None, 'details': None}
✅ [국제] 완료: 5개 처리

📰 [스포츠] 카테고리 수집 시작...
✅ 필터링 완료: 50개 -> 36개 신규 기사
❌ 처리 중 오류 (https://m.sports.naver.com/wfootball/article/214/0001473573): {'message': "Could not find the 'is_ai_generated' column of 'news_articles' in the schema cache", 'code': 'PGRST204', 'hint': None, 'details': None}
❌ 처리 중 오류 (https://n.news.naver.com/mnews/article/003/0013703787?sid=102): {'message': "Could not find the 'is_ai_generated' column of 'news_articles' in the schema cache", 'code': 'PGRST204', 'hint': None, 'details': None}
❌ 처리 중 오류 (https://n.news.naver.com/mnews/article/053/0000054944?sid=101): {'message': "Could not find the 'is_ai_generated' column of 'news_articles' in the schema cache", 'code': 'PGRST204', 'hint': None, 'details': None}
❌ 처리 중 오류 (https://n.news.naver.com/mnews/article/293/0000077619?sid=105): {'message': "Could not find the 'is_ai_generated' column of 'news_articles' in the schema cache", 'code': 'PGRST204', 'hint': None, 'details': None}
❌ 처리 중 오류 (https://m.sports.naver.com/basketball/article/241/0003487927): {'message': "Could not find the 'is_ai_generated' column of 'news_articles' in the schema cache", 'code': 'PGRST204', 'hint': None, 'details': None}
✅ [스포츠] 완료: 5개 처리

📰 [IT과학] 카테고리 수집 시작...
✅ 필터링 완료: 50개 -> 39개 신규 기사
❌ 처리 중 오류 (https://n.news.naver.com/mnews/article/421/0008707203?sid=105): {'message': "Could not find the 'is_ai_generated' column of 'news_articles' in the schema cache", 'code': 'PGRST204', 'hint': None, 'details': None}
❌ 처리 중 오류 (https://n.news.naver.com/mnews/article/003/0013694334?sid=105): {'message': "Could not find the 'is_ai_generated' column of 'news_articles' in the schema cache", 'code': 'PGRST204', 'hint': None, 'details': None}
❌ 처리 중 오류 (https://n.news.naver.com/mnews/article/008/0005301490?sid=102): {'message': "Could not find the 'is_ai_generated' column of 'news_articles' in the schema cache", 'code': 'PGRST204', 'hint': None, 'details': None}
❌ 처리 중 오류 (https://n.news.naver.com/mnews/article/011/0004575799?sid=105): {'message': "Could not find the 'is_ai_generated' column of 'news_articles' in the schema cache", 'code': 'PGRST204', 'hint': None, 'details': None}
❌ 처리 중 오류 (https://n.news.naver.com/mnews/article/029/0003003816?sid=105): {'message': "Could not find the 'is_ai_generated' column of 'news_articles' in the schema cache", 'code': 'PGRST204', 'hint': None, 'details': None}
✅ [IT과학] 완료: 5개 처리

📰 [연예] 카테고리 수집 시작...
✅ 필터링 완료: 50개 -> 45개 신규 기사
❌ 처리 중 오류 (https://n.news.naver.com/mnews/article/023/0003952139?sid=103): {'message': "Could not find the 'is_ai_generated' column of 'news_articles' in the schema cache", 'code': 'PGRST204', 'hint': None, 'details': None}
❌ 처리 중 오류 (https://n.news.naver.com/mnews/article/025/0003495703?sid=102): {'message': "Could not find the 'is_ai_generated' column of 'news_articles' in the schema cache", 'code': 'PGRST204', 'hint': None, 'details': None}
❌ 처리 중 오류 (https://n.news.naver.com/mnews/article/052/0002298898?sid=101): {'message': "Could not find the 'is_ai_generated' column of 'news_articles' in the schema cache", 'code': 'PGRST204', 'hint': None, 'details': None}
❌ 처리 중 오류 (https://www.bntnews.co.kr/article/view/bnt202601110028): {'message': "Could not find the 'is_ai_generated' column of 'news_articles' in the schema cache", 'code': 'PGRST204', 'hint': None, 'details': None}
❌ 처리 중 오류 (https://m.entertain.naver.com/article/003/0013703014): {'message': "Could not find the 'is_ai_generated' column of 'news_articles' in the schema cache", 'code': 'PGRST204', 'hint': None, 'details': None}
✅ [연예] 완료: 5개 처리

🎉 전체 작업 완료: 총 0개 기사 저장
🚀 작업 시작: 2026-01-11 21:59:32.475378

📰 [정치] 카테고리 수집 시작...
✅ 필터링 완료: 50개 -> 36개 신규 기사
❌ 처리 중 오류 (https://n.news.naver.com/mnews/article/003/0013703861?sid=100): {'message': "Could not find the 'is_ai_generated' column of 'news_articles' in the schema cache", 'code': 'PGRST204', 'hint': None, 'details': None}
❌ 처리 중 오류 (https://n.news.naver.com/mnews/article/001/0015840625?sid=100): {'message': "Could not find the 'is_ai_generated' column of 'news_articles' in the schema cache", 'code': 'PGRST204', 'hint': None, 'details': None}
❌ 처리 중 오류 (https://n.news.naver.com/mnews/article/277/0005705058?sid=104): {'message': "Could not find the 'is_ai_generated' column of 'news_articles' in the schema cache", 'code': 'PGRST204', 'hint': None, 'details': None}
❌ 처리 중 오류 (https://n.news.naver.com/mnews/article/082/0001362103?sid=100): {'message': "Could not find the 'is_ai_generated' column of 'news_articles' in the schema cache", 'code': 'PGRST204', 'hint': None, 'details': None}
❌ 처리 중 오류 (https://n.news.naver.com/mnews/article/052/0002298804?sid=100): {'message': "Could not find the 'is_ai_generated' column of 'news_articles' in the schema cache", 'code': 'PGRST204', 'hint': None, 'details': None}
❌ 처리 중 오류 (https://n.news.naver.com/mnews/article/469/0000908180?sid=100): {'message': "Could not find the 'is_ai_generated' column of 'news_articles' in the schema cache", 'code': 'PGRST204', 'hint': None, 'details': None}
❌ 처리 중 오류 (https://n.news.naver.com/mnews/article/656/0000162609?sid=100): {'message': "Could not find the 'is_ai_generated' column of 'news_articles' in the schema cache", 'code': 'PGRST204', 'hint': None, 'details': None}
❌ 처리 중 오류 (https://n.news.naver.com/mnews/article/029/0003004204?sid=100): {'message': "Could not find the 'is_ai_generated' column of 'news_articles' in the schema cache", 'code': 'PGRST204', 'hint': None, 'details': None}
❌ 처리 중 오류 (https://n.news.naver.com/mnews/article/088/0000991305?sid=100): {'message': "Could not find the 'is_ai_generated' column of 'news_articles' in the schema cache", 'code': 'PGRST204', 'hint': None, 'details': None}
❌ 처리 중 오류 (https://n.news.naver.com/mnews/article/001/0015840557?sid=104): {'message': "Could not find the 'is_ai_generated' column of 'news_articles' in the schema cache", 'code': 'PGRST204', 'hint': None, 'details': None}
❌ 처리 중 오류 (https://n.news.naver.com/mnews/article/003/0013703689?sid=102): {'message': "Could not find the 'is_ai_generated' column of 'news_articles' in the schema cache", 'code': 'PGRST204', 'hint': None, 'details': None}
❌ 처리 중 오류 (https://n.news.naver.com/mnews/article/277/0005705082?sid=100): {'message': "Could not find the 'is_ai_generated' column of 'news_articles' in the schema cache", 'code': 'PGRST204', 'hint': None, 'details': None}
❌ 처리 중 오류 (https://n.news.naver.com/mnews/article/001/0015839718?sid=104): {'message': "Could not find the 'is_ai_generated' column of 'news_articles' in the schema cache", 'code': 'PGRST204', 'hint': None, 'details': None}
❌ 처리 중 오류 (https://n.news.naver.com/mnews/article/018/0006198466?sid=100): {'message': "Could not find the 'is_ai_generated' column of 'news_articles' in the schema cache", 'code': 'PGRST204', 'hint': None, 'details': None}
❌ 처리 중 오류 (https://n.news.naver.com/mnews/article/658/0000131864?sid=100): {'message': "Could not find the 'is_ai_generated' column of 'news_articles' in the schema cache", 'code': 'PGRST204', 'hint': None, 'details': None}
✅ [정치] 완료: 15개 처리

📰 [경제] 카테고리 수집 시작...
✅ 필터링 완료: 50개 -> 41개 신규 기사
❌ 처리 중 오류 (https://n.news.naver.com/mnews/article/001/0015840017?sid=103): {'message': "Could not find the 'is_ai_generated' column of 'news_articles' in the schema cache", 'code': 'PGRST204', 'hint': None, 'details': None}
❌ 처리 중 오류 (https://n.news.naver.com/mnews/article/022/0004096752?sid=102): {'message': "Could not find the 'is_ai_generated' column of 'news_articles' in the schema cache", 'code': 'PGRST204', 'hint': None, 'details': None}
❌ 처리 중 오류 (https://n.news.naver.com/mnews/article/421/0008707208?sid=105): {'message': "Could not find the 'is_ai_generated' column of 'news_articles' in the schema cache", 'code': 'PGRST204', 'hint': None, 'details': None}
❌ 처리 중 오류 (https://n.news.naver.com/mnews/article/057/0001929467?sid=102): {'message': "Could not find the 'is_ai_generated' column of 'news_articles' in the schema cache", 'code': 'PGRST204', 'hint': None, 'details': None}
❌ 처리 중 오류 (https://n.news.naver.com/mnews/article/021/0002762844?sid=102): {'message': "Could not find the 'is_ai_generated' column of 'news_articles' in the schema cache", 'code': 'PGRST204', 'hint': None, 'details': None}
❌ 처리 중 오류 (https://n.news.naver.com/mnews/article/023/0003952225?sid=102): {'message': "Could not find the 'is_ai_generated' column of 'news_articles' in the schema cache", 'code': 'PGRST204', 'hint': None, 'details': None}
❌ 처리 중 오류 (https://n.news.naver.com/mnews/article/422/0000821396?sid=102): {'message': "Could not find the 'is_ai_generated' column of 'news_articles' in the schema cache", 'code': 'PGRST204', 'hint': None, 'details': None}
❌ 처리 중 오류 (https://n.news.naver.com/mnews/article/015/0005235382?sid=104): {'message': "Could not find the 'is_ai_generated' column of 'news_articles' in the schema cache", 'code': 'PGRST204', 'hint': None, 'details': None}
❌ 처리 중 오류 (https://n.news.naver.com/mnews/article/003/0013703781?sid=102): {'message': "Could not find the 'is_ai_generated' column of 'news_articles' in the schema cache", 'code': 'PGRST204', 'hint': None, 'details': None}
❌ 처리 중 오류 (https://n.news.naver.com/mnews/article/011/0004577215?sid=101): {'message': "Could not find the 'is_ai_generated' column of 'news_articles' in the schema cache", 'code': 'PGRST204', 'hint': None, 'details': None}
✅ [경제] 완료: 10개 처리

📰 [사회] 카테고리 수집 시작...
✅ 필터링 완료: 50개 -> 35개 신규 기사
❌ 처리 중 오류 (https://n.news.naver.com/mnews/article/056/0012102521?sid=100): {'message': "Could not find the 'is_ai_generated' column of 'news_articles' in the schema cache", 'code': 'PGRST204', 'hint': None, 'details': None}
❌ 처리 중 오류 (https://n.news.naver.com/mnews/article/001/0015839664?sid=104): {'message': "Could not find the 'is_ai_generated' column of 'news_articles' in the schema cache", 'code': 'PGRST204', 'hint': None, 'details': None}
❌ 처리 중 오류 (https://n.news.naver.com/mnews/article/032/0003420776?sid=104): {'message': "Could not find the 'is_ai_generated' column of 'news_articles' in the schema cache", 'code': 'PGRST204', 'hint': None, 'details': None}
❌ 처리 중 오류 (https://n.news.naver.com/mnews/article/003/0013703884?sid=104): {'message': "Could not find the 'is_ai_generated' column of 'news_articles' in the schema cache", 'code': 'PGRST204', 'hint': None, 'details': None}
❌ 처리 중 오류 (https://n.news.naver.com/mnews/article/382/0001247300?sid=101): {'message': "Could not find the 'is_ai_generated' column of 'news_articles' in the schema cache", 'code': 'PGRST204', 'hint': None, 'details': None}
❌ 처리 중 오류 (https://n.news.naver.com/mnews/article/421/0008707410?sid=104): {'message': "Could not find the 'is_ai_generated' column of 'news_articles' in the schema cache", 'code': 'PGRST204', 'hint': None, 'details': None}
❌ 처리 중 오류 (https://n.news.naver.com/mnews/article/021/0002762778?sid=104): {'message': "Could not find the 'is_ai_generated' column of 'news_articles' in the schema cache", 'code': 'PGRST204', 'hint': None, 'details': None}
❌ 처리 중 오류 (https://m.entertain.naver.com/article/421/0008707364): {'message': "Could not find the 'is_ai_generated' column of 'news_articles' in the schema cache", 'code': 'PGRST204', 'hint': None, 'details': None}
❌ 처리 중 오류 (https://n.news.naver.com/mnews/article/001/0015839065?sid=100): {'message': "Could not find the 'is_ai_generated' column of 'news_articles' in the schema cache", 'code': 'PGRST204', 'hint': None, 'details': None}
❌ 처리 중 오류 (https://n.news.naver.com/mnews/article/009/0005619764?sid=101): {'message': "Could not find the 'is_ai_generated' column of 'news_articles' in the schema cache", 'code': 'PGRST204', 'hint': None, 'details': None}
✅ [사회] 완료: 10개 처리

📰 [국제] 카테고리 수집 시작...
✅ 필터링 완료: 50개 -> 32개 신규 기사
❌ 처리 중 오류 (https://n.news.naver.com/mnews/article/001/0015839243?sid=102): {'message': "Could not find the 'is_ai_generated' column of 'news_articles' in the schema cache", 'code': 'PGRST204', 'hint': None, 'details': None}
❌ 처리 중 오류 (https://n.news.naver.com/mnews/article/009/0005619724?sid=102): {'message': "Could not find the 'is_ai_generated' column of 'news_articles' in the schema cache", 'code': 'PGRST204', 'hint': None, 'details': None}
❌ 처리 중 오류 (https://n.news.naver.com/mnews/article/421/0008707410?sid=104): {'message': "Could not find the 'is_ai_generated' column of 'news_articles' in the schema cache", 'code': 'PGRST204', 'hint': None, 'details': None}
❌ 처리 중 오류 (https://m.sports.naver.com/general/article/658/0000131892): {'message': "Could not find the 'is_ai_generated' column of 'news_articles' in the schema cache", 'code': 'PGRST204', 'hint': None, 'details': None}
❌ 처리 중 오류 (https://n.news.naver.com/mnews/article/025/0003495714?sid=102): {'message': "Could not find the 'is_ai_generated' column of 'news_articles' in the schema cache", 'code': 'PGRST204', 'hint': None, 'details': None}
✅ [국제] 완료: 5개 처리

📰 [스포츠] 카테고리 수집 시작...
✅ 필터링 완료: 50개 -> 36개 신규 기사
❌ 처리 중 오류 (https://m.sports.naver.com/wfootball/article/214/0001473573): {'message': "Could not find the 'is_ai_generated' column of 'news_articles' in the schema cache", 'code': 'PGRST204', 'hint': None, 'details': None}
Run time of job "process_job (trigger: interval[0:30:00], next run at: 2026-01-11 23:29:32 KST)" was missed by 0:07:35.391633
